"Ign","Team","Damage"
"yay","OpTic Gaming (ex)","368238"
"Victor","OpTic Gaming (ex)","324824"
"Marved","OpTic Gaming","318638"
"crashies","OpTic Gaming (ex)","294225"
"Zyppan","FunPlus Phoenix (ex)","290531"
"BuZz","DRX","281289"
"ardiis","FunPlus Phoenix (ex)","279229"
"Shao","FunPlus Phoenix (ex)","277067"
"MaKo","DRX","263152"
"ScreaM","Team Liquid (ex)","260376"
"nAts","M3 Champions (ex)","260307"
"Chronicle","M3 Champions (ex)","259409"
"Rb","DRX","256644"
"FNS","OpTic Gaming (ex)","254698"
"SUYGETSU","FunPlus Phoenix (ex)","245790"
"keznit","KRÜ Esports (ex)","244498"
"stax","DRX","230293"
"Jamppi","Team Liquid","229296"
"Zest","DRX","229190"
"Derke","FNATIC","226291"
"Tacolilla","Leviatán","218845"
"aspas","LOUD","217774"
"kiNgg","Leviatán","216888"
"soulcas","Team Liquid","214808"
"xand","Ninjas in Pyjamas (ex)","213827"
"mwzera","Keyd Stars (ex)","213129"
"Mazino","KRÜ Esports (ex)","210075"
"Cryocells","XSET (ex)","208266"
"zekken","XSET (ex)","207839"
"heat","Keyd Stars (ex)","206448"
"Jinggg","Paper Rex","205856"
"f0rsakeN","Paper Rex","205251"
"Nivera","Team Liquid (ex)","204925"
"NagZ","KRÜ Esports","201576"
"ANGE1","FunPlus Phoenix (ex)","201331"
"adverso","Leviatán (ex)","201170"
"nukkye","G2 Esports (Inactive) (ex)","199169"
"cauanzin","Ninjas in Pyjamas (ex)","195614"
"Less","LOUD","194625"
"sScary","XERXIA Esports (ex)","193709"
"Laz","ZETA DIVISION","190067"
"Sacy","LOUD (ex)","186538"
"T3xture","DAMWON Gaming (ex)","185962"
"Saadhak","LOUD","184403"
"Jonn","Ninjas in Pyjamas (ex)","184284"
"Surf","XERXIA Esports (ex)","184262"
"TENNN","ZETA DIVISION","182942"
"Dep","ZETA DIVISION","181602"
"Mistic","FNATIC (ex)","181157"
"bezn1","Ninjas in Pyjamas (ex)","179688"
"trexx","Guild Esports","179409"
"Melser","Leviatán (ex)","179370"
"pANcada","LOUD (ex)","178875"
"Delz1k","KRÜ Esports (ex)","178013"
"SugarZ3ro","ZETA DIVISION","176498"
"BcJ","XSET (ex)","175994"
"HANN","World Game Star","175982"
"Sayf","Guild Esports (ex)","175592"
"Boaster","FNATIC","175488"
"foxz","XERXIA Esports (ex)","173852"
"Leo","Guild Esports (ex)","171933"
"Hoody","G2 Esports (Inactive) (ex)","171614"
"Asuna","100 Thieves","171511"
"Klaus","KRÜ Esports","171261"
"Chibab","Maru Gaming","171113"
"Sayaplayer","The Guard (ex)","170721"
"dephh","XSET (ex)","167225"
"sushiboys","XERXIA Esports (ex)","167114"
"murizzz","Keyd Stars (ex)","165917"
"Sylvan","World Game Star","165435"
"trent","The Guard","164211"
"Exy","DAMWON Gaming","163047"
"Alfajer","FNATIC","162034"
"NakJi","Maru Gaming (ex)","161630"
"d4v41","Paper Rex","160873"
"leaf","Cloud9","159379"
"Meddo","G2 Esports (Inactive) (ex)","159080"
"AYRIN","XSET (ex)","158458"
"WIX","Maru Gaming (ex)","156471"
"Nozwerr","FURIA (ex)","152179"
"mindfreak","Paper Rex","151770"
"iRdy","World Game Star","151268"
"Esperanza","DAMWON Gaming","150637"
"mixwell","G2 Esports (Inactive) (ex)","150431"
"Quick","FURIA","150044"
"Benkai","Paper Rex","150005"
"crws","XERXIA Esports (ex)","149682"
"valyn","The Guard (ex)","147558"
"valyn","The Guard","147558"
"JonahP","The Guard","145468"
"bang","100 Thieves","145260"
"Xeppaa","Cloud9","144136"
"neT","The Guard","143154"
"crow","ZETA DIVISION","142612"
"Luke","World Game Star","141890"
"mazin","FURIA","140856"
"Bazzi","On Sla2ers (ex)","140549"
"Khalil","FURIA","140181"
"sheydos","M3 Champions","140104"
"AvovA","G2 Esports (Inactive) (ex)","139109"
"Meteor","NORTHEPTION (ex)","133469"
"fl1pzjder","BOOM Esports (ex)","132863"
"koldamenta","Guild Esports","130352"
"k1Ng","On Sla2ers (ex)","130121"
"Monyet","Onic Esports (ex)","129475"
"BABYBAY","FaZe Clan","129327"
"dicey","FaZe Clan","129259"
"mitch","Cloud9 (ex)","127154"
"Enzo","FNATIC (ex)","126945"
"Meiy","Crazy Raccoon","125843"
"tehbotol","BOOM Esports (ex)","125629"
"blaZek1ng","BOOM Esports","125390"
"Lmemore","Onic Esports (ex)","124911"
"GodDead","On Sla2ers","124047"
"Redgar","M3 Champions","123646"
"TS","On Sla2ers (ex)","123105"
"GODLIKE","World Game Star (ex)","122938"
"Will","100 Thieves (ex)","122206"
"Cloud","Natus Vincere (ex)","121149"
"BerserX","BOOM Esports","120982"
"zunba","On Sla2ers (ex)","120633"
"kon4n","TBK Esports (ex)","120446"
"TenZ","Sentinels","119867"
"vanity","Cloud9","119058"
"popogachi","Crazy Raccoon","118581"
"Deryeon","Bleed Esports (ex)","118248"
"s0m","NRG Esports","117654"
"eeiu","NRG Esports (ex)","116633"
"jawgemo","Evil Geniuses","115941"
"cNed","Acend (ex)","114731"
"tuyz","TBK Esports (ex)","114445"
"Derrek","100 Thieves","114400"
"supamen","FaZe Clan","113601"
"tex","NRG Esports (ex)","112403"
"ShahZaM","Sentinels (ex)","112232"
"matheuzin","TBK Esports","112231"
"Boostio","Evil Geniuses","111152"
"Shiro","Onic Esports (ex)","109730"
"7ssk7","Natus Vincere (ex)","108617"
"Russ","Guild Esports (ex)","107802"
"xnfri","NORTHEPTION (ex)","106532"
"ryotzz","TBK Esports","106402"
"stellar","100 Thieves","106308"
"pyth","Bleed Esports (ex)","105799"
"dapr","Sentinels (ex)","104369"
"lenne","Bleed Esports (ex)","103551"
"mada","Luminosity Gaming (ex)","102361"
"deigara","9z Team","101854"
"neth","Crazy Raccoon","101655"
"JoXJo","NORTHEPTION (ex)","101564"
"bdog","Luminosity Gaming (ex)","101472"
"maxie","Bleed Esports (ex)","101013"
"SEVERiNE","Onic Esports (ex)","100953"
"Ssun","Spear Gaming (ex)","100703"
"Shyy","Leviatán","98650"
"Puleule","9z Team","98094"
"hazed","NRG Esports (ex)","97685"
"Mizu","9z Team","97422"
"flyuh","FaZe Clan (ex)","96454"
"sheydos","M3 Champions (ex)","96252"
"SUTHER","9z Team (ex)","96030"
"BlackWiz","NORTHEPTION","94976"
"NcSlasher","Onic Esports (ex)","94613"
"Astell","Crazy Raccoon","94026"
"vaiZ","Leviatán (ex)","93733"
"Starxo","Acend","93657"
"wannafly","Made in Thailand","92082"
"Moose","Luminosity Gaming (ex)","91926"
"Kadoom","Made in Thailand","91727"
"Redgar","M3 Champions (ex)","91460"
"poised","FaZe Clan","91247"
"L1NK","Team Liquid (ex)","91229"
"Duno","Natus Vincere (ex)","90515"
"Tuli","Movistar Optix (ex)","90317"
"Medusa","REJECT (ex)","89386"
"lukzera","TBK Esports","87842"
"RgLMeister","Keyd Stars (ex)","87679"
"d3ffo","M3 Champions (ex)","87302"
"dazzLe","Luminosity Gaming (ex)","87250"
"TiGG","Luminosity Gaming (ex)","87071"
"takej","REJECT (ex)","86712"
"Munchkin","Crazy Raccoon (ex)","85495"
"QutionerX","BBL Esports","84579"
"ableJ","FURIA (ex)","84075"
"Reita","REJECT (ex)","83952"
"Reformed","Evil Geniuses","83911"
"HANLING","9z Team (ex)","83333"
"dinkzj","Natus Vincere (ex)","83240"
"AsLanM4shadoW","BBL Esports","82883"
"Kongared","Made in Thailand","82416"
"AloNeFillz","Made in Thailand","81472"
"Bangnan","DAMWON Gaming (ex)","80486"
"Moves","Maru Gaming (ex)","80395"
"DubsteP","Team Secret","80020"
"Jeong Hi","Maru Gaming (ex)","79437"
"Twisten","BIG (ex)","79263"
"zepher","REJECT (ex)","79121"
"dgzin","Gamelanders Blue (ex)","78594"
"pr0xy","Spear Gaming (ex)","78537"
"bnj","Ninjas in Pyjamas (ex)","78304"
"BORKUM","Team Secret","74077"
"JessieVash","Team Secret","73953"
"Harry","HolyMolly","73122"
"deLb","Alter Ego","73018"
"Ethan","NRG Esports (ex)","72668"
"aimDLL","BBL Esports","71960"
"zeek","Acend (ex)","71475"
"MONSTEERR","Acend (ex)","70975"
"MOLSI","OG LDN UTD (ex)","70629"
"xeta","Cloud9 (ex)","70370"
"Kush","Alter Ego","70017"
"Minty","FAV gaming","69989"
"Bangnan","Team T5 (ex)","69934"
"SicK","Sentinels (ex)","69849"
"vickt0r","Movistar Optix","69727"
"Derialy","NORTHEPTION","68877"
"v1xen","Keyd Stars (ex)","68869"
"C0M","Evil Geniuses","68571"
"Wavy","CNJ Esports","68155"
"liazzi","Liberty","68018"
"gio","Movistar Optix","67503"
"Fisker","FAV gaming (ex)","67294"
"penny","Version1 (Inactive) (ex)","67169"
"Keria","Spear Gaming","67011"
"Hermes","HolyMolly (ex)","66898"
"Tio","Movistar Optix","65737"
"dimasick","Team Liquid","65575"
"10X","HolyMolly (ex)","65261"
"Jeong Hi","DAMWON Gaming (ex)","64693"
"chase","Gamelanders Blue (ex)","64630"
"zeddy","Natus Vincere (ex)","63496"
"wippie","Version1 (Inactive) (ex)","63327"
"Witz","Team Secret (ex)","63264"
"noxxy","Alter Ego (si)","62715"
"Fuzari","Gamelanders Blue (ex)","62663"
"Secret","Desperado (ex)","62656"
"AslaN","BIG (ex)","62597"
"Lakia","IGZIST (ex)","62589"
"Apoth","Evil Geniuses","62388"
"JinboongE","HolyMolly (ex)","62283"
"feqew","OG LDN UTD (ex)","62245"
"RHZ","Keyd Stars (ex)","62240"
"Zander","Version1 (Inactive) (ex)","62169"
"Obnoks","BIG (ex)","62061"
"Nyang","Gamelanders Blue","61732"
"MAGNUM","FNATIC (ex)","61154"
"Moves","Team T5 (ex)","60707"
"Famouz","BOOM Esports (ex)","60496"
"Benecia","CNJ Esports","60218"
"vakk","Acend","60134"
"LEXY","Bleed Esports (ex)","60035"
"Hate","DAMWON Gaming (ex)","59938"
"jzz","MIBR","59852"
"Zellsis","Version1 (Inactive) (ex)","59113"
"bazz","FAV gaming","59002"
"Turko","BBL Esports","58887"
"RyZzi","Desperado (ex)","58692"
"iNTRO","DAMWON Gaming (si)","57936"
"frostmind","BOOM Esports (ex)","57706"
"krain","Liberty","57637"
"Boo","OG LDN UTD (ex)","57339"
"adrnking","Alter Ego","57129"
"LOB","FAV gaming","56594"
"Famouz","Persija Esports (ex)","56510"
"oitaN","IGZIST","56090"
"Moothie","CNJ Esports (ex)","55928"
"Phantom","FAV gaming","55492"
"GwangUh","Maru Gaming (ex)","55248"
"Felix","HolyMolly (ex)","55134"
"vow","Team T5 (ex)","54960"
"CTC","Los Grandes (ex)","54957"
"Destrian","OG LDN UTD (ex)","54829"
"shion","Liberty (ex)","54655"
"Feniz","E-Xolos LAZER","54235"
"ExiA","Spear Gaming","54160"
"braveaf","FNATIC (ex)","54159"
"frz","MIBR","53722"
"luckeRRR","BIG (ex)","53430"
"JhoW","Keyd Stars (ex)","53118"
"v1xen","Ninjas in Pyjamas (ex)","52890"
"Daveeys","E-Xolos LAZER (ex)","52213"
"effys","Version1 (Inactive) (ex)","51877"
"godko","Desperado (ex)","51542"
"hype","OG LDN UTD (ex)","51349"
"RND","Los Grandes (ex)","51295"
"Flynch","Persija Esports (ex)","50750"
"SungJin","Spear Gaming (ex)","50524"
"NiSMO","Ghost Gaming (ex)","50337"
"pAura","BBL Esports (ex)","50016"
"Rain","CNJ Esports","49719"
"Has1ra14","CNJ Esports","49537"
"YESicaN","Fancy United Esports","49530"
"ban","Knights (ex)","49368"
"prince","Los Grandes (ex)","49360"
"dgzin","FURIA","48522"
"skuba","Knights (ex)","48482"
"Genghsta","Knights (ex)","48212"
"Eeyore","Persija Esports","48149"
"SiuFatBB","Griffin E-Sports","48065"
"gustt1nha","Los Grandes (ex)","47993"
"redwater877","Team T5","47795"
"axeLuvY","Alter Ego (ex)","47690"
"zombs","Sentinels (ex)","46546"
"Delta","Maru Gaming (ex)","46399"
"DeNaro","MIBR (ex)","46147"
"myssen","Liberty","45933"
"pleets","Los Grandes","45779"
"NoriseN","REJECT (ex)","45470"
"gtnziN","MIBR (ex)","45379"
"XXiF","Knights (ex)","45316"
"Pepper","IGZIST (ex)","44711"
"mNdS","MIBR (ex)","44166"
"koalanoob","Ghost Gaming (ex)","44107"
"Maple","ORDER (ex)","43426"
"WRONSKI","ORDER (ex)","43385"
"Hyzee","Fancy United Esports (ex)","42996"
"Kishi","CERBERUS Esports (ex)","42749"
"baddyG","FunPlus Phoenix (ex)","42743"
"JohnOlsen","FULL SENSE","41671"
"Fung3","Griffin E-Sports","41623"
"Johnqt","Ghost Gaming (ex)","41496"
"BandiCoot","E-Xolos LAZER","41173"
"D1E","Movistar Optix","40772"
"curry","Cloud9 (ex)","40677"
"zennakukinn","BLUE BEES.ESP (ex)","40461"
"W1nner","Griffin E-Sports","40405"
"Delend","Made in Thailand (ex)","40309"
"rDeeW","ORDER (ex)","40172"
"Dispenser","Team Secret","40168"
"asteriskk","Persija Esports","39925"
"jfoen","E-Xolos LAZER","39888"
"YRSelect","Griffin E-Sports (si)","39420"
"disk0","ORDER (ex)","39325"
"aproto","Ghost Gaming (ex)","38971"
"rion","Crazy Raccoon","38745"
"brawk","Ghost Gaming (ex)","38626"
"allow","Jadeite (ex)","38585"
"Texta","ORDER (ex)","38444"
"Wenty","Tartarus (ex)","38419"
"roseaufy","Persija Esports","38350"
"JUGi","FOKUS","38275"
"DaeGi","Tartarus (ex)","38106"
"GOLD","Desperado (ex)","38012"
"Dcop","FUSION","37710"
"Rainy","Griffin E-Sports","37201"
"poem","IGZIST","36873"
"akashi","CERBERUS Esports (ex)","36744"
"Jady","Natus Vincere (ex)","36611"
"RIPablo","IGZIST","36504"
"Xandrite","NORTHEPTION (ex)","36237"
"f1cio","Fancy United Esports","36142"
"Lok1","CERBERUS Esports (ex)","36113"
"Fantasy","Team T5","36054"
"Ethan","100 Thieves (ex)","35961"
"neptune","Rise (ex)","35720"
"ANDROID","NRG Esports (ex)","35355"
"MOLSI","LDN UTD (ex)","35072"
"Kr1stal","BLUE BEES.ESP (ex)","34790"
"v1nNy","Gamelanders Blue (ex)","34677"
"YaBoiDre","Evil Geniuses (ex)","34657"
"Derrek","Rise (ex)","34613"
"Xander","FUSION","34254"
"Frosty","Knights (ex)","34072"
"Xdll","BLUE BEES.ESP (ex)","34054"
"XiSTOU","SuperMassive (ex)","33874"
"Izzy","SuperMassive","33859"
"musashi","BIG (ex)","33771"
"KimGyuTae","Desperado","33659"
"Hiko","100 Thieves (ex)","33489"
"wyz","FUSION","33364"
"MatiS","EBRO Gaming (ex)","33277"
"gMd","TSM (ex)","33055"
"gob b","BIG (ex)","33030"
"Foxy9","Reignite (ex)","32984"
"Anker","Jadeite (ex)","32954"
"azys","South Built Esports (ex)","32805"
"NAOS JA","South Built Esports (ex)","32477"
"Fross","SunXet Club","32430"
"feqew","LDN UTD (ex)","32413"
"Jremy","Team Secret","32204"
"Sơn KeKe","Fancy United Esports (ex)","31914"
"Torrify","FUSION (ex)","31720"
"THEE","FULL SENSE","31537"
"david","PAMPAS (ex)","31400"
"bucher","FOKUS (ex)","31352"
"Kanpeki","Sentinels (ex)","31336"
"b3ta","Made in Thailand","31147"
"fenNy","SunXet Club","31026"
"Subroza","TSM (ex)","30829"
"Brave","SuperMassive (ex)","30822"
"rubkkoide","PAMPAS (ex)","30756"
"iluri","FOKUS (ex)","30755"
"YaBoiLewis","FOKUS","30694"
"poised","Rise (ex)","30662"
"LAMMYSNAX","FULL SENSE (ex)","30588"
"Boo","LDN UTD (ex)","30563"
"Retla","Bleed Esports (ex)","30501"
"corey","TSM (ex)","30389"
"vong","FOKUS (ex)","30298"
"Mited","FUSION","30277"
"Zellsis","Sentinels (ex)","30261"
"RgLMeister","INGAMING Esports (ex)","29975"
"Bonecold","Acend (ex)","29557"
"seven","TSM (ex)","29543"
"supamen","Rise (ex)","29536"
"Jady","M3 Champions","29395"
"diewijAs","PAMPAS (ex)","29249"
"bmVz","Fancy United Esports (ex)","29243"
"ParkJJong","Tartarus (ex)","29105"
"SylFy","Jadeite (ex)","29008"
"PTC","FULL SENSE (ex)","28803"
"DOGAO","Movistar Optix","28734"
"raafa","Liberty (ex)","28614"
"Shanks","Rise (ex)","28586"
"pho","Evil Geniuses (ex)","28537"
"ChAlalala","FULL SENSE (ex)","28534"
"Destrian","LDN UTD (ex)","27908"
"rochet","SunXet Club (ex)","27871"
"BRNWOWZK1","INGAMING Esports (ex)","27737"
"LucasVade","Meta Gaming (ex)","27634"
"PapiChulo","South Built Esports (ex)","27587"
"SoGaTe","Tartarus (ex)","27498"
"KILLDREAMST","Sharks Esports (ex)","27437"
"NANZIN","INGAMING Esports (ex)","27340"
"Sushi","EBRO Gaming (ex)","27335"
"NicoMachine","Meta Gaming (ex)","27137"
"Kaspe","BIG (ex)","27076"
"Dreamas","LDN UTD (ex)","26964"
"flippy","South Built Esports (ex)","26750"
"D1E","Meta Gaming (ex)","26570"
"kiles","Acend (ex)","26342"
"Nozz","Bonkers(OCE) (ex)","26319"
"tixx","Bonkers(OCE) (ex)","26085"
"CyderX","SuperMassive (ex)","26085"
"badsitoww","Meta Gaming (ex)","25965"
"Holbreak","EBRO Gaming (ex)","25861"
"leonzhett","PAMPAS (ex)","25802"
"Glovee","SuperMassive (ex)","25793"
"jotinha","SunXet Club (ex)","25711"
"Jemkin","Crest Gaming ZST (ex)","25709"
"Dreamas","Team Liquid (ex)","25521"
"Brinks","Gamelanders Blue (si)","25434"
"gaabxx","Sharks Esports (ex)","25344"
"RoaN","SunXet Club (ex)","25226"
"Rossy","TSM (ex)","25118"
"eKo","Reignite (ex)","25045"
"frz","Sharks Esports (ex)","24964"
"kurozooted","Reignite","24951"
"Nexi","Rex Regum Qeon (ex)","24826"
"SyouTa","Crest Gaming ZST (ex)","24639"
"GwangUh","Tartarus (ex)","24547"
"prozin","Sharks Esports","24450"
"Unnsto","EBRO Gaming (ex)","24312"
"olzerr","PAMPAS (ex)","24259"
"something","BLUE BEES.ESP (ex)","24148"
"artzin","Stars Horizon (ex)","24078"
"Pro","South Built Esports (ex)","23984"
"glym","Liberty (ex)","23842"
"pdr","INGAMING Esports (ex)","23700"
"jcStani","100 Thieves (ex)","23517"
"CLZ","FENNEL","23482"
"shelbyN","EBRO Gaming (ex)","23341"
"SamuraiDeeper","Crest Gaming ZST (ex)","23073"
"flainzz","INGAMING Esports (ex)","22875"
"Redneval","CERBERUS Esports (ex)","22814"
"HaReeee","REJECT (ex)","22787"
"Addicted","Sharks Esports (ex)","22770"
"UdoTan","GoNGo Prince (ex)","22690"
"SEIDER","FunPlus Phoenix (si)","22651"
"Peloncito","E-Xolos LAZER","22500"
"mittiii","FENNEL (ex)","22356"
"kellyS","Rex Regum Qeon (ex)","22355"
"shroud","Sentinels","22218"
"Minimise","Bonkers(OCE) (ex)","22036"
"swag","Team Vikings (ex)","21892"
"JinboongE","Brimstone (ex)","21802"
"Jemkin","BLUE BEES.ESP (ex)","21740"
"skrawl","Bonkers(OCE) (ex)","21704"
"v1xen","Ninjas in Pyjamas (si)","21702"
"WKN","Meta Gaming (ex)","21679"
"Chronicle","Gambit Esports (ex)","21514"
"kobra","Sengoku Gaming (ex)","21433"
"Art","Sengoku Gaming (ex)","21410"
"hyouka","Reignite","21236"
"rDeeW","Bonkers(OCE) (ex)","21056"
"Wenty","GoNGo Prince (ex)","21048"
"Lawrence","GoNGo Prince","20904"
"NeruFi","Crest Gaming ZST","20824"
"Akame","Jadeite","20823"
"10X","Brimstone (si)","20803"
"Misaya","Sengoku Gaming","20649"
"Dobsha","E-Xolos LAZER (ex)","20636"
"Daicute","CERBERUS Esports (ex)","20555"
"iNTRO","DAMWON Gaming (ex)","20383"
"Brofeld","Jadeite","20171"
"Eliza","GoNGo Prince (ex)","19820"
"Felix","Brimstone (si)","19786"
"Maverick","Stars Horizon (ex)","19741"
"Tuli","9z Team (si)","19615"
"KuuKai","Crest Gaming ZST (ex)","19550"
"thiefy","Sengoku Gaming (ex)","19315"
"Harry","Brimstone (si)","19204"
"Estrella","Desperado (ex)","19145"
"2GE","Rex Regum Qeon","18879"
"Lightningfast","Global Esports","18876"
"PEPA","Team Vikings (ex)","18586"
"Nizzy","Fancy United Esports","18544"
"DEATHMAKER","Velocity Gaming","18424"
"Zerost","BLUE BEES.ESP (ex)","18408"
"Envy","FENNEL (ex)","18386"
"Derialy","FENNEL (ex)","18332"
"Draxii","Rex Regum Qeon (ex)","18225"
"pollo","Team Vikings (ex)","18139"
"bnj","9z Team (si)","17925"
"EndU","Team GP","17786"
"tinggg2k5","CERBERUS Esports","17769"
"Anthem","SCARZ (ex)","17671"
"sakurai","Hexad (ex)","17538"
"flainzz","Stars Horizon","17500"
"sheydos","Gambit Esports (ex)","17466"
"Suka","Fancy United Esports (ex)","17433"
"rite2ace","Velocity Gaming (ex)","17430"
"ringring","CNJ Esports","17388"
"Dualing","Storks Phalanx (ex)","17376"
"Dszera","Team Vikings (ex)","17297"
"blurred","NAOS Esports","17201"
"Rabbet","Rex Regum Qeon","17183"
"FREY","Gaimin Gladiators (ex)","17035"
"Vera","No Namers (ex)","17006"
"alyaL","CERBERUS Esports (ex)","17003"
"Vibhor","Velocity Gaming (ex)","16999"
"Brofeld","Hexad (ex)","16982"
"TENSAI","FENNEL (ex)","16942"
"hellff","Velocity Gaming","16937"
"bdog","Shopify Rebellion","16682"
"TORANECO","BLUE BEES.ESP (ex)","16625"
"GOLD","Desperado (si)","16534"
"GodDead","On Sla2ers (si)","16523"
"GangPin","Sengoku Gaming (ex)","16486"
"Yacine","Guild Esports","16335"
"Bazzi","On Sla2ers (si)","16334"
"Redgar","Gambit Esports (ex)","16305"
"SkRossi","Global Esports","16272"
"Halbae","World Game Star (ex)","16222"
"ZmjjKK","EDward Gaming","16136"
"NANZIN","Stars Horizon","16126"
"TORANECO","Hexad (ex)","16086"
"SungJin","CNJ Esports (ex)","15996"
"Veroneze","Team Vikings (ex)","15943"
"Den2","Spear Gaming (ex)","15920"
"Kakarot","NAOS Esports","15904"
"kvzx","NAOS Esports","15878"
"Knight","Pentagon","15682"
"skillZ","Global Esports","15539"
"Hermes","Brimstone (ex)","15506"
"dzii","Gaimin Gladiators (ex)","15407"
"Luna","IXA","15388"
"pdr","Stars Horizon (ex)","15360"
"Dhimorutoo","Reignite (ex)","15239"
"L1NK","Acend (ex)","15136"
"d3ffo","Gambit Esports (ex)","15030"
"jEEE","NAOS Esports","15020"
"Flax","Hexad (ex)","14969"
"RgLMeister","Keyd Stars (si)","14960"
"Moose","Shopify Rebellion","14828"
"Amaterasu","Velocity Gaming","14689"
"DDcream","Pentagon","14666"
"Pooky","CNJ Esports (ex)","14654"
"JitboyS","FW Esports (ex)","14643"
"k1Ng","On Sla2ers (si)","14622"
"Teerapong","FW Esports","14544"
"TS","On Sla2ers (si)","14542"
"ryota-","SCARZ (ex)","14523"
"Pay","Veronica7 (ex)","14513"
"Apinya","FW Esports (ex)","14412"
"zunba","On Sla2ers (si)","14368"
"C1nder","SCARZ (ex)","14360"
"ParkJJong","Team GP (ex)","14280"
"Suggest","DetonatioN Gaming White (ex)","14270"
"marin","SCARZ (ex)","14206"
"STYRON","Gaimin Gladiators (ex)","14102"
"NoMan","Oblivion Force (ex)","14018"
"nephh","Gaimin Gladiators (ex)","13936"
"Sk9Na","Team GP (ex)","13930"
"keloqz","G2 Esports (Inactive) (ex)","13904"
"Shun","No Namers (ex)","13867"
"REV1","Pentagon","13434"
"mada","Shopify Rebellion","13337"
"DaeGi","Team GP (ex)","13266"
"Shuzz","SCARZ (ex)","13241"
"hsk","DetonatioN Gaming White","13225"
"H1BER","FNATIC (si)","13097"
"이토히로부비부빗","Team T5 (ex)","13077"
"CHICHOO","EDward Gaming","13075"
"Hate","Jadeite (ex)","12998"
"Kaminari","Hexad (ex)","12960"
"mnz","IXA","12775"
"Eugene","DAMWON Gaming","12765"
"Kiuuuu","Oblivion Force","12733"
"SoGaTe","Team GP (ex)","12663"
"Swee","IXA","12653"
"SeolHo","Spear Gaming (ex)","12625"
"dazzLe","Shopify Rebellion","12612"
"killua","FW Esports","12488"
"artn","Gaimin Gladiators (ex)","12465"
"Haodong","EDward Gaming","12459"
"Gunny","GoNGo Prince","12357"
"rez1v","Storks Phalanx","12289"
"Ijin","Storks Phalanx (ex)","12136"
"TiGG","Shopify Rebellion (ex)","11978"
"BabyJ","100 Thieves (ex)","11971"
"Rawkus","Sentinels (ex)","11957"
"Anguuuuu","Storks Phalanx (ex)","11894"
"B4nnba","Pentagon","11876"
"柳ヶ瀬鈴乃","IXA (ex)","11871"
"ClarK","World Game Star (ex)","11791"
"nobody","EDward Gaming","11732"
"MerRy","Storks Phalanx (ex)","11695"
"RHZ","Keyd Stars (si)","11694"
"BP","Veronica7","11646"
"Rico","EVA:e (ex)","11595"
"Tempz","No Namers (ex)","11394"
"Yun","Pentagon","11233"
"Kant","VPZ (ex)","11213"
"Has1ra14","Maru Gaming (ex)","11174"
"something","Sengoku Gaming","11173"
"KappA","Global Esports","11107"
"nAts","Gambit Esports (ex)","11029"
"Darker","FUSION","11027"
"yoman","Next eSports (ex)","10849"
"Biju","IXA (ex)","10774"
"TenzouEz","DeToNator (ex)","10660"
"K1llgrave","DeToNator (ex)","10487"
"CHIMEI","Oblivion Force","10421"
"Majestyy","FW Esports","10336"
"Killer0714","DetonatioN Gaming White","10246"
"B1ngSu","Veronica7","10201"
"ec1s","100 Thieves (ex)","10177"
"SID","VPZ","9960"
"AcMe","Veronica7","9960"
"micr0","South Built Esports (ex)","9888"
"Alex","Next eSports (ex)","9775"
"PADO","Veronica7 (ex)","9765"
"FuriousMeow","Oblivion Force","9712"
"DxN","No Namers (ex)","9682"
"coco","Oasis Gaming","9655"
"Zerost","Sengoku Gaming","9587"
"hypathor","Oblivion Force","9529"
"skyeSG","No Namers (ex)","9517"
"K1LLERS","Fancy United Esports (ex)","9344"
"Vici","Sengoku Gaming","9254"
"M4sh","EVA:e (ex)","9200"
"Smoggy","EDward Gaming","9099"
"HellrangeR","Global Esports","9017"
"Skyfull","DeToNator (ex)","8989"
"invy","Oasis Gaming (ex)","8940"
"Lily","EVA:e","8679"
"Akame","K2 eSports (ex)","8629"
"Xiaonuo","DeToNator","8545"
"Blas","NAOS Esports","8477"
"Danielesflo","FUSION (ex)","8456"
"Marmelo","Jadeite","8437"
"Marky","Oasis Gaming","8378"
"LEXY","Bleed Esports (si)","8363"
"FifTy","DeToNator","8237"
"Solution","FUSION (ex)","8042"
"arm1e","EVA:e (ex)","8040"
"Wild0reoo","Oasis Gaming","8018"
"Purp0","Acend (si)","7948"
"DippER","VPZ (ex)","7923"
"HellFull","FUSION (ex)","7893"
"Neal X","Insomnia (ex)","7823"
"Jan","Next eSports","7668"
"Haxball","VPZ","7653"
"EROC","EVA:e (ex)","7633"
"AlKawai","Insomnia (ex)","7633"
"Wonjina","Next eSports","7628"
"Junseo","Next eSports","7347"
"Lumo","Insomnia (ex)","7251"
"munghoon","VPZ","7192"
"SSeeS","DetonatioN Gaming White (ex)","7110"
"Kei","looking for a name","6866"
"Wenty","Tartarus (si)","6858"
"hatty","ややーず (ex)","6629"
"RIA","ややーず (ex)","6608"
"AztKk","FUSION (ex)","6550"
"JREXXX","Insomnia (ex)","6423"
"xeta","Cloud9 (si)","6413"
"Paint","Insomnia (ex)","6195"
"CyderX","BBL Esports (si)","6057"
"Twinte","looking for a name (ex)","5796"
"ParkJJong","Tartarus (si)","5730"
"Leazo","9z Team","5589"
"Life","EDward Gaming (ex)","5455"
"GLAB zey","NAOS Esports (ex)","5450"
"Muj","BBL Esports (ex)","5444"
"cuda","GyoGun (ex)","5403"
"MuuShock","Rebellion Arts","5371"
"こころん","looking for a name","5346"
"Melofovia","DetonatioN Gaming White (ex)","5177"
"Learica","TRIDENT (ex)","5176"
"SoGaTe","Tartarus (si)","5036"
"Defectio","ややーず (ex)","4975"
"MqsaaV","Mariner","4949"
"sickLy","FUSION","4871"
"Ripper","Oasis Gaming","4870"
"AzeL","looking for a name (ex)","4777"
"Suda","SETOUCHI ENLIFE (ex)","4711"
"reooooo","Rebellion Arts","4646"
"Creative","GoNGo Prince","4589"
"Ludens","K2 eSports (ex)","4569"
"Anna","Next eSports (ex)","4569"
"UmiNtyU","Mariner","4457"
"Lore","Focus e-Sports (ex)","4425"
"pippi","Rebellion Arts","4416"
"Meimoo","Rebellion Arts","4401"
"shura","Focus e-Sports","4388"
"Valll","Focus e-Sports (ex)","4363"
"wait","KRÜ Esports (ex)","4334"
"DaeGi","Tartarus (si)","4282"
"moco","TRIDENT (ex)","4233"
"sakurai","Crest Gaming ZST (ex)","4223"
"侵略者","ややーず","4219"
"kobra","Crest Gaming ZST","4218"
"Yso","TRIDENT (ex)","4213"
"H1K","SchwarzerLand","4208"
"kurtesy","Oasis Gaming","4106"
"2KY","SchwarzerLand","4093"
"Machao","DetonatioN Gaming White (ex)","4009"
"Haner","K2 eSports (ex)","3955"
"Sacchi","SchwarzerLand","3950"
"oikou","GyoGun (ex)","3948"
"kobra","REJECT (si)","3921"
"Ran","SETOUCHI ENLIFE (ex)","3885"
"TAMAGO","AWS (ex)","3858"
"Reita","Crest Gaming ZST (si)","3817"
"RELAXING","TRIDENT (ex)","3786"
"Citrus7","SchwarzerLand","3771"
"KadosuK","GyoGun (ex)","3738"
"GwangUh","Tartarus (si)","3715"
"Num","AWS (ex)","3655"
"Poach","FaZe Clan (ex)","3644"
"SyouTa","REJECT (si)","3599"
"Dani","Sentinels (si)","3586"
"silver","K2 eSports (ex)","3554"
"Myself","AWS","3531"
"大西大和","SETOUCHI ENLIFE (ex)","3524"
"pouoxo","TRIDENT (ex)","3459"
"Maru","Mariner","3417"
"takej","Crest Gaming ZST (si)","3284"
"azuma","K2 eSports (ex)","3280"
"YAYA","ややーず","3214"
"sachi","Rebellion Arts (ex)","3200"
"Ask","Reignite","3166"
"Shiroe","Mariner","3062"
"Puupop","Mariner","2991"
"Namikaze","SETOUCHI ENLIFE (ex)","2902"
"ZONBee","GyoGun","2862"
"Toto","GyoGun","2821"
"zepher","Crest Gaming ZST (si)","2810"
"Nikumanyaro","SYSTEM e-Sports (ex)","2788"
"Zan","Focus e-Sports","2778"
"Flash","Rex Regum Qeon","2776"
"Siro","looking for a name (ex)","2755"
"Suke","SYSTEM e-Sports","2748"
"KimGyuTae","Desperado (si)","2742"
"40pingSterry","SETOUCHI ENLIFE","2717"
"Pa1n","Focus e-Sports","2714"
"SamuraiDeeper","REJECT (si)","2657"
"hiyokomaru","SYSTEM e-Sports","2616"
"KAMEReon","AWS (ex)","2560"
"Medusa","Crest Gaming ZST (si)","2526"
"sakurai","REJECT (si)","2472"
"Gabriel","AWS","2389"
"NoriseN","Crest Gaming ZST (si)","2288"
"NeruFi","REJECT (si)","2127"
"Purp0","M3 Champions (ex)","1947"
"Leo","SYSTEM e-Sports","1852"
"P4F","SchwarzerLand","1803"
"wait","KRÜ Esports (si)","1712"
"fiN","SYSTEM e-Sports","1347"