"Ign","Team","Headshots"
"Marved","OpTic Gaming","1431"
"Victor","OpTic Gaming (ex)","1397"
"BuZz","DRX","1236"
"Shao","FunPlus Phoenix (ex)","1224"
"Zyppan","FunPlus Phoenix (ex)","1187"
"stax","DRX","1184"
"crashies","OpTic Gaming (ex)","1171"
"ScreaM","Team Liquid (ex)","1166"
"SUYGETSU","FunPlus Phoenix (ex)","1163"
"MaKo","DRX","1097"
"Rb","DRX","1076"
"Zest","DRX","1059"
"FNS","OpTic Gaming (ex)","1022"
"yay","OpTic Gaming (ex)","1011"
"keznit","KRÜ Esports (ex)","947"
"soulcas","Team Liquid","911"
"Mazino","KRÜ Esports (ex)","905"
"ANGE1","FunPlus Phoenix (ex)","889"
"xand","Ninjas in Pyjamas (ex)","884"
"kiNgg","Leviatán","881"
"pANcada","LOUD (ex)","872"
"ardiis","FunPlus Phoenix (ex)","859"
"Mistic","FNATIC (ex)","854"
"f0rsakeN","Paper Rex","844"
"Jonn","Ninjas in Pyjamas (ex)","839"
"Nivera","Team Liquid (ex)","836"
"aspas","LOUD","835"
"zekken","XSET (ex)","826"
"SugarZ3ro","ZETA DIVISION","815"
"Melser","Leviatán (ex)","814"
"Exy","DAMWON Gaming","811"
"Derke","FNATIC","804"
"Delz1k","KRÜ Esports (ex)","799"
"bezn1","Ninjas in Pyjamas (ex)","795"
"sScary","XERXIA Esports (ex)","793"
"adverso","Leviatán (ex)","787"
"heat","Keyd Stars (ex)","786"
"bang","100 Thieves","784"
"Jinggg","Paper Rex","775"
"trent","The Guard","774"
"TENNN","ZETA DIVISION","773"
"Jamppi","Team Liquid","767"
"cauanzin","Ninjas in Pyjamas (ex)","764"
"Sylvan","World Game Star","757"
"Dep","ZETA DIVISION","756"
"Less","LOUD","755"
"Sacy","LOUD (ex)","751"
"Esperanza","DAMWON Gaming","745"
"Saadhak","LOUD","739"
"Meddo","G2 Esports (Inactive) (ex)","737"
"Hoody","G2 Esports (Inactive) (ex)","733"
"T3xture","DAMWON Gaming (ex)","731"
"Laz","ZETA DIVISION","720"
"sushiboys","XERXIA Esports (ex)","703"
"nAts","M3 Champions (ex)","702"
"dephh","XSET (ex)","702"
"Alfajer","FNATIC","701"
"mindfreak","Paper Rex","693"
"neT","The Guard","685"
"HANN","World Game Star","685"
"nukkye","G2 Esports (Inactive) (ex)","681"
"Tacolilla","Leviatán","675"
"trexx","Guild Esports","675"
"mwzera","Keyd Stars (ex)","674"
"WIX","Maru Gaming (ex)","673"
"Asuna","100 Thieves","667"
"Klaus","KRÜ Esports","663"
"foxz","XERXIA Esports (ex)","653"
"AvovA","G2 Esports (Inactive) (ex)","653"
"iRdy","World Game Star","652"
"Benkai","Paper Rex","652"
"Boaster","FNATIC","650"
"Leo","Guild Esports (ex)","648"
"NagZ","KRÜ Esports","648"
"k1Ng","On Sla2ers (ex)","645"
"Luke","World Game Star","643"
"d4v41","Paper Rex","635"
"BcJ","XSET (ex)","633"
"Chibab","Maru Gaming","632"
"NakJi","Maru Gaming (ex)","631"
"JonahP","The Guard","630"
"Sayf","Guild Esports (ex)","628"
"murizzz","Keyd Stars (ex)","623"
"leaf","Cloud9","614"
"Xeppaa","Cloud9","613"
"crws","XERXIA Esports (ex)","611"
"AYRIN","XSET (ex)","609"
"valyn","The Guard (ex)","605"
"valyn","The Guard","605"
"mazin","FURIA","602"
"Cryocells","XSET (ex)","598"
"Sayaplayer","The Guard (ex)","591"
"fl1pzjder","BOOM Esports (ex)","589"
"Surf","XERXIA Esports (ex)","584"
"sheydos","M3 Champions","580"
"Redgar","M3 Champions","564"
"zunba","On Sla2ers (ex)","560"
"crow","ZETA DIVISION","558"
"supamen","FaZe Clan","556"
"Khalil","FURIA","553"
"blaZek1ng","BOOM Esports","553"
"GODLIKE","World Game Star (ex)","547"
"Russ","Guild Esports (ex)","546"
"Derrek","100 Thieves","539"
"Monyet","Onic Esports (ex)","535"
"Quick","FURIA","531"
"Nozwerr","FURIA (ex)","529"
"tehbotol","BOOM Esports (ex)","528"
"Chronicle","M3 Champions (ex)","527"
"koldamenta","Guild Esports","521"
"Meteor","NORTHEPTION (ex)","520"
"Cloud","Natus Vincere (ex)","511"
"Enzo","FNATIC (ex)","505"
"nAts","M3 Champions (ex)","499"
"pyth","Bleed Esports (ex)","498"
"TS","On Sla2ers (ex)","498"
"deigara","9z Team","497"
"Meiy","Crazy Raccoon","490"
"kon4n","TBK Esports (ex)","485"
"Lmemore","Onic Esports (ex)","480"
"s0m","NRG Esports","473"
"GodDead","On Sla2ers","470"
"neth","Crazy Raccoon","467"
"mixwell","G2 Esports (Inactive) (ex)","462"
"jawgemo","Evil Geniuses","458"
"matheuzin","TBK Esports","457"
"eeiu","NRG Esports (ex)","455"
"popogachi","Crazy Raccoon","449"
"BerserX","BOOM Esports","444"
"L1NK","Team Liquid (ex)","443"
"xnfri","NORTHEPTION (ex)","443"
"hazed","NRG Esports (ex)","442"
"mitch","Cloud9 (ex)","441"
"Shyy","Leviatán","440"
"tex","NRG Esports (ex)","440"
"BABYBAY","FaZe Clan","440"
"maxie","Bleed Esports (ex)","439"
"JoXJo","NORTHEPTION (ex)","438"
"Mizu","9z Team","436"
"stellar","100 Thieves","432"
"tuyz","TBK Esports (ex)","422"
"BlackWiz","NORTHEPTION","421"
"NcSlasher","Onic Esports (ex)","416"
"Puleule","9z Team","413"
"Redgar","M3 Champions (ex)","413"
"dicey","FaZe Clan","412"
"vaiZ","Leviatán (ex)","412"
"Astell","Crazy Raccoon","411"
"takej","REJECT (ex)","410"
"mada","Luminosity Gaming (ex)","406"
"ShahZaM","Sentinels (ex)","405"
"cNed","Acend (ex)","404"
"Moose","Luminosity Gaming (ex)","403"
"Medusa","REJECT (ex)","401"
"dapr","Sentinels (ex)","400"
"Ssun","Spear Gaming (ex)","399"
"Starxo","Acend","398"
"pr0xy","Spear Gaming (ex)","396"
"Boostio","Evil Geniuses","394"
"sheydos","M3 Champions (ex)","390"
"vanity","Cloud9","389"
"TenZ","Sentinels","389"
"Chronicle","M3 Champions (ex)","386"
"flyuh","FaZe Clan (ex)","386"
"Deryeon","Bleed Esports (ex)","382"
"Bangnan","DAMWON Gaming (ex)","380"
"poised","FaZe Clan","377"
"Will","100 Thieves (ex)","376"
"7ssk7","Natus Vincere (ex)","375"
"Duno","Natus Vincere (ex)","375"
"Bazzi","On Sla2ers (ex)","375"
"Shiro","Onic Esports (ex)","374"
"wannafly","Made in Thailand","371"
"lukzera","TBK Esports","368"
"TiGG","Luminosity Gaming (ex)","367"
"AsLanM4shadoW","BBL Esports","366"
"Kadoom","Made in Thailand","361"
"HANLING","9z Team (ex)","353"
"SEVERiNE","Onic Esports (ex)","352"
"SUTHER","9z Team (ex)","349"
"Kongared","Made in Thailand","346"
"lenne","Bleed Esports (ex)","345"
"Tuli","Movistar Optix (ex)","344"
"aimDLL","BBL Esports","341"
"Reita","REJECT (ex)","340"
"Twisten","BIG (ex)","336"
"Reformed","Evil Geniuses","336"
"bnj","Ninjas in Pyjamas (ex)","332"
"dinkzj","Natus Vincere (ex)","329"
"bdog","Luminosity Gaming (ex)","327"
"d3ffo","M3 Champions (ex)","326"
"Bangnan","Team T5 (ex)","326"
"dimasick","Team Liquid","324"
"RgLMeister","Keyd Stars (ex)","323"
"Moves","Maru Gaming (ex)","321"
"Harry","HolyMolly","317"
"Jeong Hi","Maru Gaming (ex)","314"
"Derialy","NORTHEPTION","314"
"Munchkin","Crazy Raccoon (ex)","312"
"Ethan","NRG Esports (ex)","308"
"deLb","Alter Ego","307"
"ableJ","FURIA (ex)","307"
"dazzLe","Luminosity Gaming (ex)","306"
"ryotzz","TBK Esports","306"
"Apoth","Evil Geniuses","304"
"JinboongE","HolyMolly (ex)","302"
"MONSTEERR","Acend (ex)","301"
"Hate","DAMWON Gaming (ex)","300"
"DubsteP","Team Secret","300"
"QutionerX","BBL Esports","298"
"zepher","REJECT (ex)","297"
"MOLSI","OG LDN UTD (ex)","295"
"AloNeFillz","Made in Thailand","295"
"SicK","Sentinels (ex)","295"
"BORKUM","Team Secret","292"
"JessieVash","Team Secret","292"
"frostmind","BOOM Esports (ex)","291"
"iNTRO","DAMWON Gaming (si)","288"
"Kush","Alter Ego","284"
"MAGNUM","FNATIC (ex)","283"
"vickt0r","Movistar Optix","277"
"Hermes","HolyMolly (ex)","277"
"Minty","FAV gaming","277"
"Keria","Spear Gaming","276"
"10X","HolyMolly (ex)","274"
"gio","Movistar Optix","274"
"Nyang","Gamelanders Blue","271"
"Turko","BBL Esports","270"
"Fuzari","Gamelanders Blue (ex)","269"
"Secret","Desperado (ex)","268"
"adrnking","Alter Ego","267"
"Obnoks","BIG (ex)","267"
"LOB","FAV gaming","266"
"bazz","FAV gaming","266"
"chase","Gamelanders Blue (ex)","266"
"GwangUh","Maru Gaming (ex)","265"
"Zander","Version1 (Inactive) (ex)","265"
"Wavy","CNJ Esports","265"
"zeek","Acend (ex)","265"
"AslaN","BIG (ex)","264"
"Boo","OG LDN UTD (ex)","262"
"C0M","Evil Geniuses","262"
"vakk","Acend","261"
"liazzi","Liberty","260"
"Jeong Hi","DAMWON Gaming (ex)","259"
"Benecia","CNJ Esports","258"
"dgzin","Gamelanders Blue (ex)","256"
"v1xen","Keyd Stars (ex)","255"
"zeddy","Natus Vincere (ex)","254"
"jzz","MIBR","251"
"vow","Team T5 (ex)","251"
"Moves","Team T5 (ex)","249"
"ExiA","Spear Gaming","247"
"pAura","BBL Esports (ex)","246"
"wippie","Version1 (Inactive) (ex)","243"
"Fisker","FAV gaming (ex)","241"
"RyZzi","Desperado (ex)","240"
"RHZ","Keyd Stars (ex)","237"
"skuba","Knights (ex)","235"
"v1xen","Ninjas in Pyjamas (ex)","232"
"xeta","Cloud9 (ex)","232"
"YESicaN","Fancy United Esports","231"
"myssen","Liberty","231"
"oitaN","IGZIST","229"
"Destrian","OG LDN UTD (ex)","229"
"noxxy","Alter Ego (si)","227"
"godko","Desperado (ex)","224"
"shion","Liberty (ex)","223"
"Tio","Movistar Optix","222"
"Lakia","IGZIST (ex)","220"
"Feniz","E-Xolos LAZER","220"
"Zellsis","Version1 (Inactive) (ex)","216"
"Witz","Team Secret (ex)","216"
"CTC","Los Grandes (ex)","215"
"hype","OG LDN UTD (ex)","214"
"penny","Version1 (Inactive) (ex)","214"
"SiuFatBB","Griffin E-Sports","213"
"prince","Los Grandes (ex)","213"
"Has1ra14","CNJ Esports","212"
"SungJin","Spear Gaming (ex)","212"
"aproto","Ghost Gaming (ex)","208"
"NiSMO","Ghost Gaming (ex)","208"
"braveaf","FNATIC (ex)","207"
"Phantom","FAV gaming","204"
"krain","Liberty","202"
"DeNaro","MIBR (ex)","202"
"feqew","OG LDN UTD (ex)","202"
"redwater877","Team T5","201"
"NoriseN","REJECT (ex)","201"
"Felix","HolyMolly (ex)","198"
"zombs","Sentinels (ex)","197"
"GOLD","Desperado (ex)","196"
"Famouz","Persija Esports (ex)","195"
"gustt1nha","Los Grandes (ex)","192"
"axeLuvY","Alter Ego (ex)","192"
"baddyG","FunPlus Phoenix (ex)","192"
"Delend","Made in Thailand (ex)","192"
"Rain","CNJ Esports","191"
"mNdS","MIBR (ex)","191"
"WRONSKI","ORDER (ex)","190"
"Eeyore","Persija Esports","189"
"Fung3","Griffin E-Sports","187"
"rion","Crazy Raccoon","186"
"Texta","ORDER (ex)","186"
"Hyzee","Fancy United Esports (ex)","186"
"Famouz","BOOM Esports (ex)","185"
"curry","Cloud9 (ex)","184"
"dgzin","FURIA","184"
"effys","Version1 (Inactive) (ex)","184"
"zennakukinn","BLUE BEES.ESP (ex)","183"
"Moothie","CNJ Esports (ex)","183"
"gtnziN","MIBR (ex)","182"
"Genghsta","Knights (ex)","181"
"Flynch","Persija Esports (ex)","179"
"XXiF","Knights (ex)","179"
"Frosty","Knights (ex)","179"
"JhoW","Keyd Stars (ex)","177"
"Pepper","IGZIST (ex)","176"
"XiSTOU","SuperMassive (ex)","176"
"ban","Knights (ex)","175"
"Dispenser","Team Secret","174"
"W1nner","Griffin E-Sports","174"
"Delta","Maru Gaming (ex)","172"
"Kishi","CERBERUS Esports (ex)","171"
"frz","MIBR","169"
"Fantasy","Team T5","168"
"Daveeys","E-Xolos LAZER (ex)","168"
"RIPablo","IGZIST","165"
"DaeGi","Tartarus (ex)","164"
"YRSelect","Griffin E-Sports (si)","162"
"BandiCoot","E-Xolos LAZER","162"
"rDeeW","ORDER (ex)","162"
"pleets","Los Grandes","160"
"gMd","TSM (ex)","159"
"Jady","Natus Vincere (ex)","158"
"D1E","Movistar Optix","158"
"koalanoob","Ghost Gaming (ex)","157"
"JohnOlsen","FULL SENSE","155"
"Johnqt","Ghost Gaming (ex)","155"
"Xandrite","NORTHEPTION (ex)","155"
"Brave","SuperMassive (ex)","154"
"disk0","ORDER (ex)","153"
"poem","IGZIST","153"
"Foxy9","Reignite (ex)","152"
"supamen","Rise (ex)","152"
"ANDROID","NRG Esports (ex)","152"
"Wenty","Tartarus (ex)","150"
"Kr1stal","BLUE BEES.ESP (ex)","149"
"YaBoiDre","Evil Geniuses (ex)","149"
"Maple","ORDER (ex)","148"
"YaBoiLewis","FOKUS","147"
"neptune","Rise (ex)","145"
"Sơn KeKe","Fancy United Esports (ex)","145"
"wyz","FUSION","145"
"iluri","FOKUS (ex)","144"
"Fross","SunXet Club","144"
"Derrek","Rise (ex)","143"
"brawk","Ghost Gaming (ex)","143"
"musashi","BIG (ex)","142"
"Xdll","BLUE BEES.ESP (ex)","142"
"Bonecold","Acend (ex)","142"
"bmVz","Fancy United Esports (ex)","142"
"Rainy","Griffin E-Sports","142"
"kiles","Acend (ex)","141"
"Lok1","CERBERUS Esports (ex)","141"
"Boo","LDN UTD (ex)","141"
"Dcop","FUSION","140"
"ParkJJong","Tartarus (ex)","140"
"RND","Los Grandes (ex)","140"
"jfoen","E-Xolos LAZER","139"
"poised","Rise (ex)","138"
"Subroza","TSM (ex)","138"
"pho","Evil Geniuses (ex)","138"
"bucher","FOKUS (ex)","138"
"azys","South Built Esports (ex)","138"
"THEE","FULL SENSE","137"
"Hiko","100 Thieves (ex)","136"
"v1nNy","Gamelanders Blue (ex)","135"
"Jady","M3 Champions","135"
"MOLSI","LDN UTD (ex)","134"
"akashi","CERBERUS Esports (ex)","133"
"jotinha","SunXet Club (ex)","132"
"asteriskk","Persija Esports","132"
"Zellsis","Sentinels (ex)","131"
"Ethan","100 Thieves (ex)","131"
"MatiS","EBRO Gaming (ex)","131"
"Jemkin","Crest Gaming ZST (ex)","131"
"rubkkoide","PAMPAS (ex)","130"
"Anker","Jadeite (ex)","130"
"Mited","FUSION","130"
"NAOS JA","South Built Esports (ex)","130"
"PapiChulo","South Built Esports (ex)","129"
"Dreamas","LDN UTD (ex)","129"
"f1cio","Fancy United Esports","129"
"b3ta","Made in Thailand","128"
"Sushi","EBRO Gaming (ex)","128"
"LEXY","Bleed Esports (ex)","125"
"Destrian","LDN UTD (ex)","125"
"Retla","Bleed Esports (ex)","124"
"olzerr","PAMPAS (ex)","123"
"vong","FOKUS (ex)","122"
"roseaufy","Persija Esports","122"
"frz","Sharks Esports (ex)","122"
"david","PAMPAS (ex)","122"
"KimGyuTae","Desperado","121"
"corey","TSM (ex)","120"
"Brinks","Gamelanders Blue (si)","120"
"allow","Jadeite (ex)","120"
"SylFy","Jadeite (ex)","120"
"luckeRRR","BIG (ex)","118"
"luckeRRR","BIG (ex)","118"
"Glovee","SuperMassive (ex)","117"
"swag","Team Vikings (ex)","117"
"Kanpeki","Sentinels (ex)","117"
"Holbreak","EBRO Gaming (ex)","117"
"ChAlalala","FULL SENSE (ex)","116"
"D1E","Meta Gaming (ex)","116"
"SoGaTe","Tartarus (ex)","115"
"NicoMachine","Meta Gaming (ex)","115"
"JUGi","FOKUS","115"
"LAMMYSNAX","FULL SENSE (ex)","115"
"RgLMeister","INGAMING Esports (ex)","114"
"pdr","INGAMING Esports (ex)","113"
"tixx","Bonkers(OCE) (ex)","113"
"shroud","Sentinels","113"
"fenNy","SunXet Club","112"
"SEIDER","FunPlus Phoenix (si)","112"
"prozin","Sharks Esports","111"
"gob b","BIG (ex)","111"
"Izzy","SuperMassive","111"
"flippy","South Built Esports (ex)","111"
"kurozooted","Reignite","111"
"Kaspe","BIG (ex)","110"
"CyderX","SuperMassive (ex)","110"
"DOGAO","Movistar Optix","110"
"KILLDREAMST","Sharks Esports (ex)","109"
"Jremy","Team Secret","109"
"RoaN","SunXet Club (ex)","109"
"diewijAs","PAMPAS (ex)","108"
"feqew","LDN UTD (ex)","108"
"LucasVade","Meta Gaming (ex)","108"
"Rossy","TSM (ex)","108"
"shelbyN","EBRO Gaming (ex)","108"
"NANZIN","INGAMING Esports (ex)","108"
"Dreamas","Team Liquid (ex)","107"
"badsitoww","Meta Gaming (ex)","107"
"CLZ","FENNEL","106"
"flainzz","INGAMING Esports (ex)","106"
"seven","TSM (ex)","105"
"GwangUh","Tartarus (ex)","105"
"JinboongE","Brimstone (ex)","104"
"jcStani","100 Thieves (ex)","104"
"PTC","FULL SENSE (ex)","102"
"SyouTa","Crest Gaming ZST (ex)","102"
"Xander","FUSION","101"
"Wenty","GoNGo Prince (ex)","100"
"glym","Liberty (ex)","100"
"v1xen","Ninjas in Pyjamas (si)","100"
"HaReeee","REJECT (ex)","100"
"Nexi","Rex Regum Qeon (ex)","97"
"eKo","Reignite (ex)","96"
"iNTRO","DAMWON Gaming (ex)","96"
"leonzhett","PAMPAS (ex)","95"
"Brofeld","Jadeite","95"
"EndU","Team GP","95"
"rochet","SunXet Club (ex)","94"
"Peloncito","E-Xolos LAZER","94"
"Jemkin","BLUE BEES.ESP (ex)","94"
"hyouka","Reignite","93"
"something","BLUE BEES.ESP (ex)","92"
"Envy","FENNEL (ex)","92"
"BRNWOWZK1","INGAMING Esports (ex)","92"
"artzin","Stars Horizon (ex)","89"
"KuuKai","Crest Gaming ZST (ex)","89"
"Lawrence","GoNGo Prince","88"
"LEXY","Bleed Esports (ex)","88"
"kobra","Sengoku Gaming (ex)","88"
"Pro","South Built Esports (ex)","87"
"Minimise","Bonkers(OCE) (ex)","87"
"thiefy","Sengoku Gaming (ex)","87"
"Shanks","Rise (ex)","86"
"UdoTan","GoNGo Prince (ex)","86"
"Derialy","FENNEL (ex)","86"
"Redneval","CERBERUS Esports (ex)","86"
"Art","Sengoku Gaming (ex)","86"
"Akame","Jadeite","85"
"Torrify","FUSION (ex)","85"
"WKN","Meta Gaming (ex)","85"
"NeruFi","Crest Gaming ZST","85"
"Lightningfast","Global Esports","85"
"DEATHMAKER","Velocity Gaming","85"
"Tuli","9z Team (si)","84"
"raafa","Liberty (ex)","84"
"Estrella","Desperado (ex)","84"
"Harry","Brimstone (si)","84"
"Addicted","Sharks Esports (ex)","83"
"Nozz","Bonkers(OCE) (ex)","83"
"SamuraiDeeper","Crest Gaming ZST (ex)","83"
"TORANECO","BLUE BEES.ESP (ex)","82"
"PEPA","Team Vikings (ex)","82"
"gaabxx","Sharks Esports (ex)","82"
"10X","Brimstone (si)","82"
"Maverick","Stars Horizon (ex)","81"
"flainzz","Stars Horizon","81"
"Eliza","GoNGo Prince (ex)","81"
"sakurai","Hexad (ex)","81"
"Vibhor","Velocity Gaming (ex)","81"
"Rabbet","Rex Regum Qeon","80"
"2GE","Rex Regum Qeon","80"
"Misaya","Sengoku Gaming","80"
"JitboyS","FW Esports (ex)","79"
"Dobsha","E-Xolos LAZER (ex)","79"
"GangPin","Sengoku Gaming (ex)","79"
"skrawl","Bonkers(OCE) (ex)","79"
"Suka","Fancy United Esports (ex)","78"
"Chronicle","Gambit Esports (ex)","78"
"alyaL","CERBERUS Esports (ex)","77"
"GOLD","Desperado (si)","75"
"Zerost","BLUE BEES.ESP (ex)","75"
"zunba","On Sla2ers (si)","75"
"Knight","Pentagon","74"
"Dualing","Storks Phalanx (ex)","74"
"Unnsto","EBRO Gaming (ex)","73"
"NANZIN","Stars Horizon","73"
"Draxii","Rex Regum Qeon (ex)","73"
"Dhimorutoo","Reignite (ex)","73"
"Nizzy","Fancy United Esports","72"
"sheydos","Gambit Esports (ex)","72"
"hellff","Velocity Gaming","71"
"Redgar","Gambit Esports (ex)","71"
"Daicute","CERBERUS Esports (ex)","71"
"ringring","CNJ Esports","71"
"Brofeld","Hexad (ex)","70"
"Suggest","DetonatioN Gaming White (ex)","70"
"Pooky","CNJ Esports (ex)","70"
"TORANECO","Hexad (ex)","70"
"L1NK","Acend (ex)","70"
"kellyS","Rex Regum Qeon (ex)","69"
"Den2","Spear Gaming (ex)","68"
"skillZ","Global Esports","67"
"Amaterasu","Velocity Gaming","67"
"pollo","Team Vikings (ex)","67"
"TENSAI","FENNEL (ex)","66"
"jEEE","NAOS Esports","66"
"mada","Shopify Rebellion","66"
"Luna","IXA","65"
"Vera","No Namers (ex)","65"
"k1Ng","On Sla2ers (si)","65"
"ParkJJong","Team GP (ex)","65"
"tinggg2k5","CERBERUS Esports","65"
"Felix","Brimstone (si)","65"
"mittiii","FENNEL (ex)","65"
"Dszera","Team Vikings (ex)","64"
"bnj","9z Team (si)","64"
"Moose","Shopify Rebellion","64"
"Kiuuuu","Oblivion Force","63"
"Halbae","World Game Star (ex)","63"
"Flax","Hexad (ex)","62"
"Hate","Jadeite (ex)","62"
"C1nder","SCARZ (ex)","62"
"Sk9Na","Team GP (ex)","61"
"nephh","Gaimin Gladiators (ex)","60"
"Apinya","FW Esports (ex)","60"
"Eugene","DAMWON Gaming","60"
"Kakarot","NAOS Esports","60"
"killua","FW Esports","60"
"Haodong","EDward Gaming","60"
"SungJin","CNJ Esports (ex)","59"
"Teerapong","FW Esports","59"
"kvzx","NAOS Esports","59"
"Veroneze","Team Vikings (ex)","59"
"DaeGi","Team GP (ex)","59"
"BabyJ","100 Thieves (ex)","59"
"이토히로부비부빗","Team T5 (ex)","59"
"SeolHo","Spear Gaming (ex)","58"
"rDeeW","Bonkers(OCE) (ex)","58"
"Kaminari","Hexad (ex)","58"
"ClarK","World Game Star (ex)","58"
"Anthem","SCARZ (ex)","57"
"SoGaTe","Team GP (ex)","57"
"GodDead","On Sla2ers (si)","57"
"marin","SCARZ (ex)","56"
"TS","On Sla2ers (si)","56"
"CHICHOO","EDward Gaming","56"
"Yacine","Guild Esports","55"
"DDcream","Pentagon","55"
"BP","Veronica7","55"
"TiGG","Shopify Rebellion (ex)","55"
"Bazzi","On Sla2ers (si)","54"
"Pay","Veronica7 (ex)","54"
"TenzouEz","DeToNator (ex)","54"
"Yun","Pentagon","54"
"nobody","EDward Gaming","53"
"ryota-","SCARZ (ex)","53"
"RHZ","Keyd Stars (si)","53"
"coco","Oasis Gaming","53"
"FREY","Gaimin Gladiators (ex)","53"
"NoMan","Oblivion Force (ex)","52"
"RgLMeister","Keyd Stars (si)","52"
"AcMe","Veronica7","51"
"rite2ace","Velocity Gaming (ex)","51"
"SkRossi","Global Esports","51"
"pdr","Stars Horizon (ex)","51"
"B1ngSu","Veronica7","51"
"STYRON","Gaimin Gladiators (ex)","51"
"dzii","Gaimin Gladiators (ex)","51"
"B4nnba","Pentagon","50"
"d3ffo","Gambit Esports (ex)","50"
"Hermes","Brimstone (ex)","50"
"Shun","No Namers (ex)","50"
"ZmjjKK","EDward Gaming","50"
"nAts","Gambit Esports (ex)","50"
"rez1v","Storks Phalanx","50"
"柳ヶ瀬鈴乃","IXA (ex)","49"
"Shuzz","SCARZ (ex)","49"
"Swee","IXA","49"
"invy","Oasis Gaming (ex)","48"
"Kant","VPZ (ex)","47"
"Gunny","GoNGo Prince","47"
"Killer0714","DetonatioN Gaming White","47"
"Rawkus","Sentinels (ex)","47"
"REV1","Pentagon","47"
"mnz","IXA","46"
"PADO","Veronica7 (ex)","46"
"SID","VPZ","46"
"DippER","VPZ (ex)","46"
"hsk","DetonatioN Gaming White","45"
"Tempz","No Namers (ex)","45"
"bdog","Shopify Rebellion","44"
"HellrangeR","Global Esports","44"
"artn","Gaimin Gladiators (ex)","44"
"Xiaonuo","DeToNator","44"
"blurred","NAOS Esports","44"
"K1llgrave","DeToNator (ex)","44"
"dazzLe","Shopify Rebellion","43"
"K1LLERS","Fancy United Esports (ex)","43"
"keloqz","G2 Esports (Inactive) (ex)","42"
"ec1s","100 Thieves (ex)","42"
"H1BER","FNATIC (si)","42"
"Majestyy","FW Esports","41"
"Has1ra14","Maru Gaming (ex)","41"
"Smoggy","EDward Gaming","41"
"Biju","IXA (ex)","40"
"Anguuuuu","Storks Phalanx (ex)","40"
"LEXY","Bleed Esports (si)","40"
"micr0","South Built Esports (ex)","40"
"Blas","NAOS Esports","39"
"Darker","FUSION","39"
"munghoon","VPZ","39"
"Lumo","Insomnia (ex)","39"
"Ijin","Storks Phalanx (ex)","38"
"arm1e","EVA:e (ex)","38"
"Vici","Sengoku Gaming","38"
"Purp0","Acend (si)","38"
"Wild0reoo","Oasis Gaming","37"
"Rico","EVA:e (ex)","37"
"EROC","EVA:e (ex)","37"
"Zerost","Sengoku Gaming","36"
"Jan","Next eSports","36"
"MerRy","Storks Phalanx (ex)","36"
"Marmelo","Jadeite","36"
"KappA","Global Esports","36"
"DxN","No Namers (ex)","34"
"FuriousMeow","Oblivion Force","34"
"Junseo","Next eSports","34"
"Akame","K2 eSports (ex)","34"
"SSeeS","DetonatioN Gaming White (ex)","32"
"hypathor","Oblivion Force","32"
"Danielesflo","FUSION (ex)","32"
"yoman","Next eSports (ex)","32"
"FifTy","DeToNator","32"
"Marky","Oasis Gaming","32"
"something","Sengoku Gaming","32"
"HellFull","FUSION (ex)","32"
"Kei","looking for a name","31"
"hatty","ややーず (ex)","31"
"Wonjina","Next eSports","31"
"Skyfull","DeToNator (ex)","30"
"skyeSG","No Namers (ex)","30"
"AlKawai","Insomnia (ex)","30"
"Haxball","VPZ","30"
"JREXXX","Insomnia (ex)","29"
"Lily","EVA:e","29"
"Melofovia","DetonatioN Gaming White (ex)","29"
"xeta","Cloud9 (si)","29"
"Paint","Insomnia (ex)","28"
"Twinte","looking for a name (ex)","28"
"AztKk","FUSION (ex)","28"
"Alex","Next eSports (ex)","28"
"ParkJJong","Tartarus (si)","28"
"Solution","FUSION (ex)","27"
"CyderX","BBL Esports (si)","27"
"CHIMEI","Oblivion Force","27"
"M4sh","EVA:e (ex)","27"
"RIA","ややーず (ex)","26"
"MqsaaV","Mariner","25"
"H1K","SchwarzerLand","25"
"こころん","looking for a name","25"
"Neal X","Insomnia (ex)","25"
"GwangUh","Tartarus (si)","23"
"pippi","Rebellion Arts","23"
"Life","EDward Gaming (ex)","23"
"SoGaTe","Tartarus (si)","23"
"reooooo","Rebellion Arts","23"
"GLAB zey","NAOS Esports (ex)","22"
"Leazo","9z Team","22"
"sickLy","FUSION","22"
"Learica","TRIDENT (ex)","22"
"MuuShock","Rebellion Arts","21"
"Valll","Focus e-Sports (ex)","21"
"Poach","FaZe Clan (ex)","21"
"Creative","GoNGo Prince","20"
"sakurai","Crest Gaming ZST (ex)","20"
"Ripper","Oasis Gaming","20"
"UmiNtyU","Mariner","20"
"Meimoo","Rebellion Arts","20"
"silver","K2 eSports (ex)","20"
"Ludens","K2 eSports (ex)","19"
"pouoxo","TRIDENT (ex)","19"
"Anna","Next eSports (ex)","19"
"shura","Focus e-Sports","19"
"Reita","Crest Gaming ZST (si)","19"
"kobra","Crest Gaming ZST","19"
"cuda","GyoGun (ex)","18"
"Wenty","Tartarus (si)","18"
"2KY","SchwarzerLand","18"
"Sacchi","SchwarzerLand","18"
"Defectio","ややーず (ex)","18"
"takej","Crest Gaming ZST (si)","18"
"RELAXING","TRIDENT (ex)","17"
"Maru","Mariner","17"
"kobra","REJECT (si)","17"
"Yso","TRIDENT (ex)","17"
"Num","AWS (ex)","17"
"Muj","BBL Esports (ex)","17"
"KadosuK","GyoGun (ex)","17"
"oikou","GyoGun (ex)","16"
"侵略者","ややーず","16"
"AzeL","looking for a name (ex)","16"
"Citrus7","SchwarzerLand","16"
"moco","TRIDENT (ex)","15"
"wait","KRÜ Esports (ex)","15"
"TAMAGO","AWS (ex)","15"
"Myself","AWS","15"
"大西大和","SETOUCHI ENLIFE (ex)","15"
"Suda","SETOUCHI ENLIFE (ex)","15"
"KAMEReon","AWS (ex)","15"
"SamuraiDeeper","REJECT (si)","15"
"DaeGi","Tartarus (si)","14"
"sakurai","REJECT (si)","14"
"ZONBee","GyoGun","14"
"Ask","Reignite","14"
"Pa1n","Focus e-Sports","13"
"Medusa","Crest Gaming ZST (si)","13"
"Dani","Sentinels (si)","13"
"Suke","SYSTEM e-Sports","13"
"azuma","K2 eSports (ex)","13"
"Machao","DetonatioN Gaming White (ex)","13"
"Lore","Focus e-Sports (ex)","12"
"Toto","GyoGun","12"
"SyouTa","REJECT (si)","12"
"kurtesy","Oasis Gaming","12"
"hiyokomaru","SYSTEM e-Sports","12"
"Ran","SETOUCHI ENLIFE (ex)","11"
"Shiroe","Mariner","11"
"YAYA","ややーず","11"
"Haner","K2 eSports (ex)","11"
"Siro","looking for a name (ex)","10"
"Gabriel","AWS","10"
"Flash","Rex Regum Qeon","10"
"Namikaze","SETOUCHI ENLIFE (ex)","10"
"Leo","SYSTEM e-Sports","10"
"40pingSterry","SETOUCHI ENLIFE","9"
"Zan","Focus e-Sports","9"
"sachi","Rebellion Arts (ex)","9"
"Puupop","Mariner","9"
"NoriseN","Crest Gaming ZST (si)","9"
"Nikumanyaro","SYSTEM e-Sports (ex)","9"
"fiN","SYSTEM e-Sports","8"
"NeruFi","REJECT (si)","8"
"KimGyuTae","Desperado (si)","8"
"Purp0","M3 Champions (ex)","7"
"zepher","Crest Gaming ZST (si)","7"
"P4F","SchwarzerLand","4"
"wait","KRÜ Esports (si)","2"