"Ign","Team","Plants"
"stax","DRX","389"
"Shao","FunPlus Phoenix (ex)","300"
"crws","XERXIA Esports (ex)","258"
"FNS","OpTic Gaming (ex)","252"
"crashies","OpTic Gaming (ex)","230"
"valyn","The Guard (ex)","220"
"valyn","The Guard","220"
"Mistic","FNATIC (ex)","200"
"BcJ","XSET (ex)","195"
"crow","ZETA DIVISION","194"
"Mazino","KRÜ Esports (ex)","168"
"bezn1","Ninjas in Pyjamas (ex)","167"
"d4v41","Paper Rex","161"
"Hoody","G2 Esports (Inactive) (ex)","160"
"lenne","Bleed Esports (ex)","158"
"Sacy","LOUD (ex)","154"
"Melser","Leviatán (ex)","153"
"Saadhak","LOUD","151"
"adverso","Leviatán (ex)","148"
"Benkai","Paper Rex","144"
"Marved","OpTic Gaming","143"
"Klaus","KRÜ Esports","142"
"NcSlasher","Onic Esports (ex)","141"
"vanity","Cloud9","141"
"iRdy","World Game Star","134"
"Russ","Guild Esports (ex)","130"
"TS","On Sla2ers (ex)","123"
"MaKo","DRX","123"
"cauanzin","Ninjas in Pyjamas (ex)","122"
"GodDead","On Sla2ers","120"
"pANcada","LOUD (ex)","118"
"Zest","DRX","117"
"JoXJo","NORTHEPTION (ex)","116"
"Nozwerr","FURIA (ex)","114"
"koldamenta","Guild Esports","112"
"Khalil","FURIA","109"
"supamen","FaZe Clan","106"
"Victor","OpTic Gaming (ex)","106"
"Boaster","FNATIC","106"
"Tio","Movistar Optix","106"
"L1NK","Team Liquid (ex)","105"
"Delz1k","KRÜ Esports (ex)","105"
"Esperanza","DAMWON Gaming","102"
"neth","Crazy Raccoon","102"
"AYRIN","XSET (ex)","101"
"Exy","DAMWON Gaming","99"
"Hate","DAMWON Gaming (ex)","96"
"TENNN","ZETA DIVISION","96"
"effys","Version1 (Inactive) (ex)","95"
"Puleule","9z Team","95"
"Astell","Crazy Raccoon","92"
"Zyppan","FunPlus Phoenix (ex)","91"
"Nivera","Team Liquid (ex)","90"
"SUYGETSU","FunPlus Phoenix (ex)","90"
"RgLMeister","Keyd Stars (ex)","89"
"poised","FaZe Clan","89"
"Ethan","NRG Esports (ex)","87"
"soulcas","Team Liquid","87"
"NoriseN","REJECT (ex)","86"
"LOB","FAV gaming","86"
"Enzo","FNATIC (ex)","86"
"stellar","100 Thieves","86"
"Rb","DRX","84"
"frostmind","BOOM Esports (ex)","83"
"Sylvan","World Game Star","83"
"hazed","NRG Esports (ex)","82"
"dazzLe","Luminosity Gaming (ex)","81"
"Asuna","100 Thieves","80"
"ableJ","FURIA (ex)","79"
"asteriskk","Persija Esports","79"
"ryotzz","TBK Esports","79"
"Shiro","Onic Esports (ex)","79"
"Nyang","Gamelanders Blue","79"
"axeLuvY","Alter Ego (ex)","78"
"bang","100 Thieves","78"
"sheydos","M3 Champions","78"
"Jamppi","Team Liquid","77"
"dephh","XSET (ex)","77"
"Duno","Natus Vincere (ex)","77"
"foxz","XERXIA Esports (ex)","76"
"Reformed","Evil Geniuses","76"
"fl1pzjder","BOOM Esports (ex)","76"
"ANGE1","FunPlus Phoenix (ex)","76"
"Jinggg","Paper Rex","76"
"tehbotol","BOOM Esports (ex)","75"
"lukzera","TBK Esports","75"
"Jeong Hi","Maru Gaming (ex)","75"
"flyuh","FaZe Clan (ex)","74"
"AvovA","G2 Esports (Inactive) (ex)","73"
"mitch","Cloud9 (ex)","72"
"GODLIKE","World Game Star (ex)","71"
"Redgar","M3 Champions","71"
"bnj","Ninjas in Pyjamas (ex)","70"
"Keria","Spear Gaming","69"
"Dep","ZETA DIVISION","69"
"BlackWiz","NORTHEPTION","69"
"kiNgg","Leviatán","69"
"trent","The Guard","68"
"pAura","BBL Esports (ex)","68"
"JonahP","The Guard","68"
"v1xen","Keyd Stars (ex)","67"
"sheydos","M3 Champions (ex)","66"
"dapr","Sentinels (ex)","65"
"ardiis","FunPlus Phoenix (ex)","65"
"Benecia","CNJ Esports","65"
"Derrek","100 Thieves","65"
"vakk","Acend","64"
"dinkzj","Natus Vincere (ex)","64"
"Meddo","G2 Esports (Inactive) (ex)","63"
"dimasick","Team Liquid","63"
"Delend","Made in Thailand (ex)","62"
"pleets","Los Grandes","62"
"sScary","XERXIA Esports (ex)","62"
"Felix","HolyMolly (ex)","62"
"JhoW","Keyd Stars (ex)","62"
"JessieVash","Team Secret","61"
"zekken","XSET (ex)","60"
"Derialy","NORTHEPTION","60"
"Redgar","M3 Champions (ex)","59"
"v1xen","Ninjas in Pyjamas (ex)","59"
"Delta","Maru Gaming (ex)","58"
"mindfreak","Paper Rex","58"
"Jady","M3 Champions","57"
"poem","IGZIST","57"
"Boo","OG LDN UTD (ex)","57"
"Xeppaa","Cloud9","56"
"Chronicle","M3 Champions (ex)","56"
"RHZ","Keyd Stars (ex)","55"
"sushiboys","XERXIA Esports (ex)","55"
"ScreaM","Team Liquid (ex)","55"
"TiGG","Luminosity Gaming (ex)","55"
"blaZek1ng","BOOM Esports","54"
"kon4n","TBK Esports (ex)","54"
"C0M","Evil Geniuses","54"
"trexx","Guild Esports","53"
"aimDLL","BBL Esports","53"
"WIX","Maru Gaming (ex)","53"
"Wavy","CNJ Esports","52"
"zunba","On Sla2ers (ex)","51"
"Leo","Guild Esports (ex)","51"
"BuZz","DRX","51"
"NakJi","Maru Gaming (ex)","51"
"Jeong Hi","DAMWON Gaming (ex)","50"
"Moves","Maru Gaming (ex)","50"
"Cloud","Natus Vincere (ex)","49"
"Luke","World Game Star","49"
"nukkye","G2 Esports (Inactive) (ex)","49"
"mNdS","MIBR (ex)","49"
"Chronicle","M3 Champions (ex)","49"
"nAts","M3 Champions (ex)","48"
"xeta","Cloud9 (ex)","48"
"murizzz","Keyd Stars (ex)","48"
"Dreamas","Team Liquid (ex)","47"
"GwangUh","Maru Gaming (ex)","47"
"f0rsakeN","Paper Rex","47"
"deigara","9z Team","47"
"baddyG","FunPlus Phoenix (ex)","46"
"Tacolilla","Leviatán","46"
"Less","LOUD","45"
"zeek","Acend (ex)","45"
"matheuzin","TBK Esports","45"
"yay","OpTic Gaming (ex)","45"
"myssen","Liberty","44"
"Turko","BBL Esports","44"
"akashi","CERBERUS Esports (ex)","42"
"neT","The Guard","42"
"Rossy","TSM (ex)","42"
"Moose","Luminosity Gaming (ex)","42"
"zombs","Sentinels (ex)","42"
"pho","Evil Geniuses (ex)","42"
"SicK","Sentinels (ex)","42"
"SugarZ3ro","ZETA DIVISION","42"
"mwzera","Keyd Stars (ex)","41"
"Zellsis","Version1 (Inactive) (ex)","41"
"zeddy","Natus Vincere (ex)","41"
"SungJin","Spear Gaming (ex)","41"
"flippy","South Built Esports (ex)","40"
"mixwell","G2 Esports (Inactive) (ex)","40"
"10X","HolyMolly (ex)","40"
"Xdll","BLUE BEES.ESP (ex)","39"
"RIPablo","IGZIST","39"
"AloNeFillz","Made in Thailand","39"
"Shyy","Leviatán","39"
"Kongared","Made in Thailand","39"
"Fross","SunXet Club","39"
"Moves","Team T5 (ex)","38"
"Secret","Desperado (ex)","38"
"Misaya","Sengoku Gaming","38"
"k1Ng","On Sla2ers (ex)","38"
"shion","Liberty (ex)","38"
"b3ta","Made in Thailand","38"
"luckeRRR","BIG (ex)","38"
"Derke","FNATIC","38"
"luckeRRR","BIG (ex)","38"
"Starxo","Acend","38"
"iluri","FOKUS (ex)","37"
"jfoen","E-Xolos LAZER","37"
"Meiy","Crazy Raccoon","37"
"Sayf","Guild Esports (ex)","36"
"nAts","M3 Champions (ex)","36"
"brawk","Ghost Gaming (ex)","36"
"mazin","FURIA","35"
"Phantom","FAV gaming","35"
"s0m","NRG Esports","35"
"NagZ","KRÜ Esports","35"
"Rainy","Griffin E-Sports","35"
"Alfajer","FNATIC","34"
"RgLMeister","INGAMING Esports (ex)","34"
"wannafly","Made in Thailand","34"
"Fuzari","Gamelanders Blue (ex)","34"
"Destrian","OG LDN UTD (ex)","34"
"Brave","SuperMassive (ex)","33"
"Jonn","Ninjas in Pyjamas (ex)","33"
"WKN","Meta Gaming (ex)","33"
"pr0xy","Spear Gaming (ex)","33"
"Reita","REJECT (ex)","33"
"Quick","FURIA","32"
"takej","REJECT (ex)","32"
"Laz","ZETA DIVISION","32"
"vickt0r","Movistar Optix","32"
"jawgemo","Evil Geniuses","32"
"Johnqt","Ghost Gaming (ex)","31"
"MAGNUM","FNATIC (ex)","31"
"PTC","FULL SENSE (ex)","31"
"Cryocells","XSET (ex)","31"
"gob b","BIG (ex)","31"
"Mited","FUSION","31"
"HANLING","9z Team (ex)","30"
"d3ffo","M3 Champions (ex)","30"
"v1xen","Ninjas in Pyjamas (si)","30"
"Hyzee","Fancy United Esports (ex)","30"
"ParkJJong","Tartarus (ex)","30"
"maxie","Bleed Esports (ex)","30"
"Obnoks","BIG (ex)","30"
"BORKUM","Team Secret","30"
"Bonecold","Acend (ex)","30"
"Bazzi","On Sla2ers (ex)","30"
"SyouTa","Crest Gaming ZST (ex)","30"
"Bangnan","DAMWON Gaming (ex)","29"
"Maple","ORDER (ex)","29"
"JinboongE","HolyMolly (ex)","29"
"Genghsta","Knights (ex)","29"
"BandiCoot","E-Xolos LAZER","29"
"Ethan","100 Thieves (ex)","29"
"Apoth","Evil Geniuses","29"
"eeiu","NRG Esports (ex)","29"
"godko","Desperado (ex)","28"
"Surf","XERXIA Esports (ex)","28"
"keznit","KRÜ Esports (ex)","28"
"skuba","Knights (ex)","27"
"Kanpeki","Sentinels (ex)","27"
"Destrian","LDN UTD (ex)","27"
"Mizu","9z Team","26"
"gustt1nha","Los Grandes (ex)","26"
"Zander","Version1 (Inactive) (ex)","26"
"Frosty","Knights (ex)","26"
"Dispenser","Team Secret","26"
"olzerr","PAMPAS (ex)","26"
"GOLD","Desperado (ex)","26"
"Fantasy","Team T5","25"
"ExiA","Spear Gaming","25"
"iNTRO","DAMWON Gaming (si)","25"
"redwater877","Team T5","25"
"aspas","LOUD","25"
"Majestyy","FW Esports","25"
"zepher","REJECT (ex)","25"
"Eliza","GoNGo Prince (ex)","25"
"SEVERiNE","Onic Esports (ex)","25"
"XXiF","Knights (ex)","25"
"curry","Cloud9 (ex)","25"
"DeNaro","MIBR (ex)","25"
"Maverick","Stars Horizon (ex)","24"
"MONSTEERR","Acend (ex)","24"
"vaiZ","Leviatán (ex)","24"
"Anker","Jadeite (ex)","24"
"shroud","Sentinels","24"
"Medusa","REJECT (ex)","24"
"NiSMO","Ghost Gaming (ex)","24"
"Kr1stal","BLUE BEES.ESP (ex)","24"
"TENSAI","FENNEL (ex)","24"
"noxxy","Alter Ego (si)","24"
"vow","Team T5 (ex)","23"
"TenZ","Sentinels","23"
"zennakukinn","BLUE BEES.ESP (ex)","23"
"Witz","Team Secret (ex)","23"
"supamen","Rise (ex)","23"
"L1NK","Acend (ex)","23"
"Harry","HolyMolly","22"
"Retla","Bleed Esports (ex)","22"
"Kishi","CERBERUS Esports (ex)","22"
"Dcop","FUSION","22"
"bazz","FAV gaming","22"
"vong","FOKUS (ex)","22"
"Holbreak","EBRO Gaming (ex)","22"
"Derrek","Rise (ex)","22"
"Boostio","Evil Geniuses","21"
"T3xture","DAMWON Gaming (ex)","21"
"bdog","Luminosity Gaming (ex)","21"
"Lmemore","Onic Esports (ex)","21"
"pyth","Bleed Esports (ex)","21"
"YESicaN","Fancy United Esports","21"
"Addicted","Sharks Esports (ex)","21"
"dazzLe","Shopify Rebellion","21"
"W1nner","Griffin E-Sports","21"
"gtnziN","MIBR (ex)","21"
"AslaN","BIG (ex)","21"
"Minimise","Bonkers(OCE) (ex)","21"
"mada","Luminosity Gaming (ex)","21"
"MerRy","Storks Phalanx (ex)","20"
"RyZzi","Desperado (ex)","20"
"HaReeee","REJECT (ex)","20"
"ChAlalala","FULL SENSE (ex)","20"
"glym","Liberty (ex)","20"
"RgLMeister","Keyd Stars (si)","20"
"prince","Los Grandes (ex)","20"
"kiles","Acend (ex)","20"
"Yacine","Guild Esports","20"
"MOLSI","OG LDN UTD (ex)","20"
"ShahZaM","Sentinels (ex)","19"
"AsLanM4shadoW","BBL Esports","19"
"skrawl","Bonkers(OCE) (ex)","19"
"Pro","South Built Esports (ex)","19"
"Boo","LDN UTD (ex)","19"
"SUTHER","9z Team (ex)","19"
"tuyz","TBK Esports (ex)","19"
"2GE","Rex Regum Qeon","19"
"7ssk7","Natus Vincere (ex)","19"
"HANN","World Game Star","19"
"Bangnan","Team T5 (ex)","19"
"rubkkoide","PAMPAS (ex)","19"
"heat","Keyd Stars (ex)","19"
"v1nNy","Gamelanders Blue (ex)","19"
"Lakia","IGZIST (ex)","18"
"Dszera","Team Vikings (ex)","18"
"Felix","Brimstone (si)","18"
"shelbyN","EBRO Gaming (ex)","18"
"LEXY","Bleed Esports (ex)","18"
"xnfri","NORTHEPTION (ex)","18"
"SoGaTe","Tartarus (ex)","18"
"Rabbet","Rex Regum Qeon","18"
"ANDROID","NRG Esports (ex)","18"
"kurozooted","Reignite","18"
"nAts","Gambit Esports (ex)","18"
"wippie","Version1 (Inactive) (ex)","18"
"SSeeS","DetonatioN Gaming White (ex)","18"
"TORANECO","BLUE BEES.ESP (ex)","17"
"FuriousMeow","Oblivion Force","17"
"popogachi","Crazy Raccoon","17"
"prozin","Sharks Esports","17"
"swag","Team Vikings (ex)","17"
"bmVz","Fancy United Esports (ex)","17"
"poised","Rise (ex)","17"
"hype","OG LDN UTD (ex)","17"
"dgzin","Gamelanders Blue (ex)","17"
"cNed","Acend (ex)","17"
"DOGAO","Movistar Optix","17"
"Dhimorutoo","Reignite (ex)","17"
"Kush","Alter Ego","17"
"krain","Liberty","17"
"dicey","FaZe Clan","17"
"Jady","Natus Vincere (ex)","16"
"braveaf","FNATIC (ex)","16"
"flainzz","INGAMING Esports (ex)","16"
"roseaufy","Persija Esports","16"
"leaf","Cloud9","16"
"Akame","Jadeite","16"
"Texta","ORDER (ex)","16"
"bnj","9z Team (si)","15"
"tex","NRG Esports (ex)","15"
"rDeeW","ORDER (ex)","15"
"Sơn KeKe","Fancy United Esports (ex)","15"
"CyderX","SuperMassive (ex)","15"
"SEIDER","FunPlus Phoenix (si)","15"
"mnz","IXA","15"
"artn","Gaimin Gladiators (ex)","15"
"adrnking","Alter Ego","15"
"xand","Ninjas in Pyjamas (ex)","15"
"Eugene","DAMWON Gaming","14"
"Rawkus","Sentinels (ex)","14"
"leonzhett","PAMPAS (ex)","14"
"oitaN","IGZIST","14"
"disk0","ORDER (ex)","14"
"Suka","Fancy United Esports (ex)","14"
"wyz","FUSION","14"
"Flax","Hexad (ex)","14"
"SamuraiDeeper","Crest Gaming ZST (ex)","14"
"tixx","Bonkers(OCE) (ex)","14"
"Twisten","BIG (ex)","14"
"Minty","FAV gaming","14"
"LEXY","Bleed Esports (ex)","13"
"Brinks","Gamelanders Blue (si)","13"
"seven","TSM (ex)","13"
"Kakarot","NAOS Esports","13"
"Chibab","Maru Gaming","13"
"NANZIN","Stars Horizon","13"
"NANZIN","INGAMING Esports (ex)","13"
"Rain","CNJ Esports","13"
"gio","Movistar Optix","13"
"Hermes","HolyMolly (ex)","13"
"Feniz","E-Xolos LAZER","13"
"LAMMYSNAX","FULL SENSE (ex)","13"
"gMd","TSM (ex)","13"
"KimGyuTae","Desperado","13"
"Unnsto","EBRO Gaming (ex)","13"
"Fung3","Griffin E-Sports","12"
"Kaminari","Hexad (ex)","12"
"CHICHOO","EDward Gaming","12"
"eKo","Reignite (ex)","12"
"SeolHo","Spear Gaming (ex)","12"
"hellff","Velocity Gaming","12"
"BP","Veronica7","12"
"TORANECO","Hexad (ex)","12"
"Den2","Spear Gaming (ex)","12"
"Sayaplayer","The Guard (ex)","12"
"MOLSI","LDN UTD (ex)","12"
"Ssun","Spear Gaming (ex)","12"
"chase","Gamelanders Blue (ex)","12"
"Famouz","BOOM Esports (ex)","12"
"Art","Sengoku Gaming (ex)","12"
"Redgar","Gambit Esports (ex)","12"
"Biju","IXA (ex)","12"
"Munchkin","Crazy Raccoon (ex)","12"
"THEE","FULL SENSE","12"
"Draxii","Rex Regum Qeon (ex)","12"
"Deryeon","Bleed Esports (ex)","12"
"SylFy","Jadeite (ex)","11"
"Jremy","Team Secret","11"
"KappA","Global Esports","11"
"Will","100 Thieves (ex)","11"
"HellrangeR","Global Esports","11"
"10X","Brimstone (si)","11"
"Marmelo","Jadeite","11"
"hyouka","Reignite","11"
"aproto","Ghost Gaming (ex)","11"
"BerserX","BOOM Esports","11"
"RND","Los Grandes (ex)","11"
"liazzi","Liberty","11"
"Kaspe","BIG (ex)","11"
"dgzin","FURIA","11"
"PADO","Veronica7 (ex)","11"
"DubsteP","Team Secret","11"
"Gunny","GoNGo Prince","10"
"CTC","Los Grandes (ex)","10"
"Has1ra14","Maru Gaming (ex)","10"
"Xandrite","NORTHEPTION (ex)","10"
"侵略者","ややーず","10"
"Anguuuuu","Storks Phalanx (ex)","10"
"rite2ace","Velocity Gaming (ex)","10"
"GwangUh","Tartarus (ex)","10"
"Meteor","NORTHEPTION (ex)","10"
"STYRON","Gaimin Gladiators (ex)","10"
"C1nder","SCARZ (ex)","10"
"skyeSG","No Namers (ex)","10"
"BABYBAY","FaZe Clan","10"
"Wonjina","Next eSports","10"
"Dreamas","LDN UTD (ex)","10"
"Flynch","Persija Esports (ex)","10"
"Lawrence","GoNGo Prince","10"
"frz","Sharks Esports (ex)","10"
"skillZ","Global Esports","10"
"feqew","OG LDN UTD (ex)","10"
"Shanks","Rise (ex)","10"
"ryota-","SCARZ (ex)","9"
"DDcream","Pentagon","9"
"Zellsis","Sentinels (ex)","9"
"Toto","GyoGun","9"
"silver","K2 eSports (ex)","9"
"이토히로부비부빗","Team T5 (ex)","9"
"musashi","BIG (ex)","9"
"badsitoww","Meta Gaming (ex)","9"
"NeruFi","Crest Gaming ZST","9"
"SiuFatBB","Griffin E-Sports","9"
"Peloncito","E-Xolos LAZER","9"
"Derialy","FENNEL (ex)","9"
"D1E","Movistar Optix","9"
"LucasVade","Meta Gaming (ex)","9"
"Vibhor","Velocity Gaming (ex)","9"
"QutionerX","BBL Esports","9"
"Subroza","TSM (ex)","9"
"AztKk","FUSION (ex)","9"
"RHZ","Keyd Stars (si)","9"
"Hiko","100 Thieves (ex)","9"
"Sushi","EBRO Gaming (ex)","9"
"YRSelect","Griffin E-Sports (si)","9"
"LEXY","Bleed Esports (si)","9"
"Brofeld","Jadeite","9"
"CyderX","BBL Esports (si)","8"
"Shuzz","SCARZ (ex)","8"
"Torrify","FUSION (ex)","8"
"bucher","FOKUS (ex)","8"
"Wenty","Tartarus (ex)","8"
"Famouz","Persija Esports (ex)","8"
"sheydos","Gambit Esports (ex)","8"
"B4nnba","Pentagon","8"
"diewijAs","PAMPAS (ex)","8"
"NoriseN","Crest Gaming ZST (si)","8"
"allow","Jadeite (ex)","8"
"PapiChulo","South Built Esports (ex)","8"
"Moothie","CNJ Esports (ex)","8"
"Skyfull","DeToNator (ex)","8"
"ParkJJong","Team GP (ex)","8"
"Pepper","IGZIST (ex)","8"
"rion","Crazy Raccoon","8"
"SoGaTe","Tartarus (si)","8"
"nobody","EDward Gaming","8"
"PEPA","Team Vikings (ex)","8"
"pdr","INGAMING Esports (ex)","8"
"M4sh","EVA:e (ex)","8"
"MatiS","EBRO Gaming (ex)","7"
"YaBoiDre","Evil Geniuses (ex)","7"
"Monyet","Onic Esports (ex)","7"
"f1cio","Fancy United Esports","7"
"Amaterasu","Velocity Gaming","7"
"GodDead","On Sla2ers (si)","7"
"Ask","Reignite","7"
"BRNWOWZK1","INGAMING Esports (ex)","7"
"jcStani","100 Thieves (ex)","7"
"Has1ra14","CNJ Esports","7"
"Nizzy","Fancy United Esports","7"
"CLZ","FENNEL","7"
"xeta","Cloud9 (si)","7"
"EndU","Team GP","7"
"NAOS JA","South Built Esports (ex)","7"
"JitboyS","FW Esports (ex)","7"
"alyaL","CERBERUS Esports (ex)","7"
"Hermes","Brimstone (ex)","7"
"Wenty","GoNGo Prince (ex)","7"
"neptune","Rise (ex)","7"
"Junseo","Next eSports","7"
"SoGaTe","Team GP (ex)","7"
"zunba","On Sla2ers (si)","7"
"feqew","LDN UTD (ex)","7"
"rochet","SunXet Club (ex)","7"
"jotinha","SunXet Club (ex)","6"
"D1E","Meta Gaming (ex)","6"
"Knight","Pentagon","6"
"KILLDREAMST","Sharks Esports (ex)","6"
"Daveeys","E-Xolos LAZER (ex)","6"
"Halbae","World Game Star (ex)","6"
"40pingSterry","SETOUCHI ENLIFE","6"
"K1llgrave","DeToNator (ex)","6"
"hypathor","Oblivion Force","6"
"TS","On Sla2ers (si)","6"
"Sk9Na","Team GP (ex)","6"
"Twinte","looking for a name (ex)","6"
"Estrella","Desperado (ex)","6"
"Tuli","Movistar Optix (ex)","6"
"Jan","Next eSports","6"
"jEEE","NAOS Esports","6"
"invy","Oasis Gaming (ex)","6"
"AlKawai","Insomnia (ex)","6"
"micr0","South Built Esports (ex)","6"
"Tempz","No Namers (ex)","6"
"Glovee","SuperMassive (ex)","6"
"KuuKai","Crest Gaming ZST (ex)","6"
"Xander","FUSION","6"
"shura","Focus e-Sports","6"
"Shun","No Namers (ex)","6"
"moco","TRIDENT (ex)","6"
"Sacchi","SchwarzerLand","6"
"Haodong","EDward Gaming","6"
"TenzouEz","DeToNator (ex)","6"
"Danielesflo","FUSION (ex)","6"
"RoaN","SunXet Club (ex)","6"
"Meimoo","Rebellion Arts","6"
"pouoxo","TRIDENT (ex)","6"
"Myself","AWS","6"
"Eeyore","Persija Esports","5"
"Teerapong","FW Esports","5"
"k1Ng","On Sla2ers (si)","5"
"JohnOlsen","FULL SENSE","5"
"Kadoom","Made in Thailand","5"
"david","PAMPAS (ex)","5"
"Flash","Rex Regum Qeon","5"
"arm1e","EVA:e (ex)","5"
"rez1v","Storks Phalanx","5"
"Rico","EVA:e (ex)","5"
"Solution","FUSION (ex)","5"
"TiGG","Shopify Rebellion (ex)","5"
"Kant","VPZ (ex)","5"
"wait","KRÜ Esports (ex)","5"
"frz","MIBR","5"
"marin","SCARZ (ex)","5"
"Killer0714","DetonatioN Gaming White","5"
"NicoMachine","Meta Gaming (ex)","5"
"pippi","Rebellion Arts","5"
"Moose","Shopify Rebellion","5"
"Smoggy","EDward Gaming","5"
"SamuraiDeeper","REJECT (si)","5"
"Yun","Pentagon","5"
"Hate","Jadeite (ex)","5"
"JinboongE","Brimstone (ex)","5"
"Haxball","VPZ","5"
"iNTRO","DAMWON Gaming (ex)","4"
"Nexi","Rex Regum Qeon (ex)","4"
"nephh","Gaimin Gladiators (ex)","4"
"UdoTan","GoNGo Prince (ex)","4"
"Foxy9","Reignite (ex)","4"
"Lok1","CERBERUS Esports (ex)","4"
"Redneval","CERBERUS Esports (ex)","4"
"Chronicle","Gambit Esports (ex)","4"
"kvzx","NAOS Esports","4"
"AcMe","Veronica7","4"
"DEATHMAKER","Velocity Gaming","4"
"Jemkin","BLUE BEES.ESP (ex)","4"
"Purp0","Acend (si)","4"
"Darker","FUSION","4"
"Shiroe","Mariner","4"
"Harry","Brimstone (si)","4"
"Nozz","Bonkers(OCE) (ex)","4"
"Blas","NAOS Esports","4"
"ec1s","100 Thieves (ex)","4"
"Paint","Insomnia (ex)","4"
"corey","TSM (ex)","4"
"ClarK","World Game Star (ex)","4"
"kurtesy","Oasis Gaming","4"
"Bazzi","On Sla2ers (si)","4"
"penny","Version1 (Inactive) (ex)","4"
"Veroneze","Team Vikings (ex)","4"
"Xiaonuo","DeToNator","4"
"Vici","Sengoku Gaming","4"
"Wild0reoo","Oasis Gaming","4"
"fenNy","SunXet Club","3"
"HellFull","FUSION (ex)","3"
"ringring","CNJ Esports","3"
"B1ngSu","Veronica7","3"
"Neal X","Insomnia (ex)","3"
"something","Sengoku Gaming","3"
"Melofovia","DetonatioN Gaming White (ex)","3"
"munghoon","VPZ","3"
"GOLD","Desperado (si)","3"
"ban","Knights (ex)","3"
"Namikaze","SETOUCHI ENLIFE (ex)","3"
"pollo","Team Vikings (ex)","3"
"AzeL","looking for a name (ex)","3"
"Zerost","Sengoku Gaming","3"
"CHIMEI","Oblivion Force","3"
"Ijin","Storks Phalanx (ex)","3"
"Pooky","CNJ Esports (ex)","3"
"Dualing","Storks Phalanx (ex)","3"
"Creative","GoNGo Prince","3"
"Gabriel","AWS","3"
"thiefy","Sengoku Gaming (ex)","3"
"JUGi","FOKUS","3"
"Pa1n","Focus e-Sports","3"
"koalanoob","Ghost Gaming (ex)","3"
"ZmjjKK","EDward Gaming","3"
"YAYA","ややーず","3"
"EROC","EVA:e (ex)","3"
"Dani","Sentinels (si)","3"
"Izzy","SuperMassive","3"
"sachi","Rebellion Arts (ex)","3"
"sickLy","FUSION","3"
"kobra","REJECT (si)","3"
"mada","Shopify Rebellion","2"
"gaabxx","Sharks Esports (ex)","2"
"kobra","Sengoku Gaming (ex)","2"
"YaBoiLewis","FOKUS","2"
"Envy","FENNEL (ex)","2"
"FifTy","DeToNator","2"
"Swee","IXA","2"
"Dobsha","E-Xolos LAZER (ex)","2"
"JREXXX","Insomnia (ex)","2"
"XiSTOU","SuperMassive (ex)","2"
"pdr","Stars Horizon (ex)","2"
"Ripper","Oasis Gaming","2"
"deLb","Alter Ego","2"
"Jemkin","Crest Gaming ZST (ex)","2"
"sakurai","Hexad (ex)","2"
"sakurai","REJECT (si)","2"
"jzz","MIBR","2"
"keloqz","G2 Esports (Inactive) (ex)","2"
"Zerost","BLUE BEES.ESP (ex)","2"
"azys","South Built Esports (ex)","2"
"blurred","NAOS Esports","2"
"flainzz","Stars Horizon","2"
"kellyS","Rex Regum Qeon (ex)","2"
"rDeeW","Bonkers(OCE) (ex)","2"
"Alex","Next eSports (ex)","2"
"Tuli","9z Team (si)","2"
"Siro","looking for a name (ex)","2"
"azuma","K2 eSports (ex)","2"
"GangPin","Sengoku Gaming (ex)","2"
"FREY","Gaimin Gladiators (ex)","2"
"Anthem","SCARZ (ex)","2"
"Luna","IXA","2"
"Suggest","DetonatioN Gaming White (ex)","2"
"Fisker","FAV gaming (ex)","2"
"SungJin","CNJ Esports (ex)","2"
"artzin","Stars Horizon (ex)","2"
"Leazo","9z Team","2"
"ParkJJong","Tartarus (si)","2"
"yoman","Next eSports (ex)","2"
"Lily","EVA:e","2"
"RELAXING","TRIDENT (ex)","2"
"Lumo","Insomnia (ex)","2"
"H1BER","FNATIC (si)","2"
"Leo","SYSTEM e-Sports","2"
"hsk","DetonatioN Gaming White","2"
"mittiii","FENNEL (ex)","2"
"Anna","Next eSports (ex)","1"
"Lore","Focus e-Sports (ex)","1"
"Marky","Oasis Gaming","1"
"Kiuuuu","Oblivion Force","1"
"Ran","SETOUCHI ENLIFE (ex)","1"
"killua","FW Esports","1"
"cuda","GyoGun (ex)","1"
"SkRossi","Global Esports","1"
"hiyokomaru","SYSTEM e-Sports","1"
"Vera","No Namers (ex)","1"
"Muj","BBL Esports (ex)","1"
"reooooo","Rebellion Arts","1"
"DaeGi","Tartarus (ex)","1"
"Akame","K2 eSports (ex)","1"
"MuuShock","Rebellion Arts","1"
"Reita","Crest Gaming ZST (si)","1"
"Machao","DetonatioN Gaming White (ex)","1"
"hatty","ややーず (ex)","1"
"NoMan","Oblivion Force (ex)","1"
"tinggg2k5","CERBERUS Esports","1"
"Brofeld","Hexad (ex)","1"
"sakurai","Crest Gaming ZST (ex)","1"
"Pay","Veronica7 (ex)","1"
"Puupop","Mariner","1"
"MqsaaV","Mariner","1"
"REV1","Pentagon","1"
"KadosuK","GyoGun (ex)","1"
"UmiNtyU","Mariner","1"
"BabyJ","100 Thieves (ex)","1"
"Lightningfast","Global Esports","1"
"Purp0","M3 Champions (ex)","1"
"dzii","Gaimin Gladiators (ex)","1"
"Poach","FaZe Clan (ex)","1"
"Apinya","FW Esports (ex)","1"
"wait","KRÜ Esports (si)","1"
"DxN","No Namers (ex)","1"
"d3ffo","Gambit Esports (ex)","1"
"Suke","SYSTEM e-Sports","1"
"Zan","Focus e-Sports","1"
"DippER","VPZ (ex)","1"
"Citrus7","SchwarzerLand","1"
"something","BLUE BEES.ESP (ex)","1"