"Ign","Team","Spend"
"Victor","OpTic Gaming (ex)","6060300"
"FNS","OpTic Gaming (ex)","6036550"
"Marved","OpTic Gaming","6018150"
"crashies","OpTic Gaming (ex)","5831100"
"yay","OpTic Gaming (ex)","5586050"
"Zyppan","FunPlus Phoenix (ex)","5238600"
"Shao","FunPlus Phoenix (ex)","4895550"
"Rb","DRX","4847300"
"ANGE1","FunPlus Phoenix (ex)","4736500"
"BuZz","DRX","4622950"
"ardiis","FunPlus Phoenix (ex)","4596350"
"Zest","DRX","4525900"
"stax","DRX","4513300"
"SUYGETSU","FunPlus Phoenix (ex)","4427900"
"ScreaM","Team Liquid (ex)","4347650"
"MaKo","DRX","4317250"
"soulcas","Team Liquid","4192150"
"Jamppi","Team Liquid","4036600"
"Nivera","Team Liquid (ex)","4015250"
"Mazino","KRÜ Esports (ex)","3962600"
"adverso","Leviatán (ex)","3857400"
"keznit","KRÜ Esports (ex)","3852300"
"kiNgg","Leviatán","3829200"
"Mistic","FNATIC (ex)","3793800"
"bezn1","Ninjas in Pyjamas (ex)","3719200"
"Jonn","Ninjas in Pyjamas (ex)","3719100"
"xand","Ninjas in Pyjamas (ex)","3707350"
"Klaus","KRÜ Esports","3706450"
"Delz1k","KRÜ Esports (ex)","3687100"
"Melser","Leviatán (ex)","3658900"
"Boaster","FNATIC","3642450"
"dephh","XSET (ex)","3620200"
"cauanzin","Ninjas in Pyjamas (ex)","3609500"
"zekken","XSET (ex)","3558450"
"Jinggg","Paper Rex","3498950"
"NagZ","KRÜ Esports","3483000"
"Saadhak","LOUD","3475050"
"Tacolilla","Leviatán","3446400"
"AYRIN","XSET (ex)","3440000"
"Derke","FNATIC","3438050"
"aspas","LOUD","3430250"
"mwzera","Keyd Stars (ex)","3430000"
"BcJ","XSET (ex)","3385000"
"murizzz","Keyd Stars (ex)","3378800"
"pANcada","LOUD (ex)","3373100"
"Sacy","LOUD (ex)","3369250"
"crws","XERXIA Esports (ex)","3347750"
"TENNN","ZETA DIVISION","3347150"
"Dep","ZETA DIVISION","3327650"
"Cryocells","XSET (ex)","3321050"
"f0rsakeN","Paper Rex","3315500"
"heat","Keyd Stars (ex)","3303250"
"Less","LOUD","3273650"
"foxz","XERXIA Esports (ex)","3273300"
"Surf","XERXIA Esports (ex)","3241700"
"sushiboys","XERXIA Esports (ex)","3229350"
"Hoody","G2 Esports (Inactive) (ex)","3227900"
"nukkye","G2 Esports (Inactive) (ex)","3188200"
"sScary","XERXIA Esports (ex)","3187350"
"Chibab","Maru Gaming","3183150"
"Laz","ZETA DIVISION","3121050"
"Asuna","100 Thieves","3091950"
"trexx","Guild Esports","3084050"
"SugarZ3ro","ZETA DIVISION","3082500"
"crow","ZETA DIVISION","3040050"
"Leo","Guild Esports (ex)","3019500"
"Esperanza","DAMWON Gaming","3017650"
"koldamenta","Guild Esports","3014900"
"JonahP","The Guard","3014050"
"Benkai","Paper Rex","3011600"
"mindfreak","Paper Rex","3001350"
"HANN","World Game Star","2938950"
"d4v41","Paper Rex","2930700"
"Meddo","G2 Esports (Inactive) (ex)","2917400"
"neT","The Guard","2916400"
"T3xture","DAMWON Gaming (ex)","2913000"
"GODLIKE","World Game Star (ex)","2898300"
"valyn","The Guard (ex)","2891900"
"valyn","The Guard","2891900"
"AvovA","G2 Esports (Inactive) (ex)","2885450"
"WIX","Maru Gaming (ex)","2880750"
"NakJi","Maru Gaming (ex)","2877450"
"Sayaplayer","The Guard (ex)","2877350"
"Sayf","Guild Esports (ex)","2853800"
"Exy","DAMWON Gaming","2848150"
"mazin","FURIA","2829350"
"Sylvan","World Game Star","2815750"
"trent","The Guard","2805050"
"iRdy","World Game Star","2780900"
"Xeppaa","Cloud9","2714700"
"Khalil","FURIA","2700550"
"leaf","Cloud9","2686150"
"Luke","World Game Star","2673650"
"mixwell","G2 Esports (Inactive) (ex)","2672600"
"bang","100 Thieves","2658100"
"Quick","FURIA","2653150"
"Russ","Guild Esports (ex)","2636600"
"Nozwerr","FURIA (ex)","2628850"
"Alfajer","FNATIC","2603100"
"sheydos","M3 Champions","2599150"
"Redgar","M3 Champions","2548250"
"vanity","Cloud9","2545400"
"Chronicle","M3 Champions (ex)","2519150"
"nAts","M3 Champions (ex)","2517500"
"Enzo","FNATIC (ex)","2506100"
"fl1pzjder","BOOM Esports (ex)","2498350"
"mitch","Cloud9 (ex)","2474050"
"GodDead","On Sla2ers","2467900"
"BerserX","BOOM Esports","2389850"
"blaZek1ng","BOOM Esports","2387850"
"tehbotol","BOOM Esports (ex)","2370800"
"Bazzi","On Sla2ers (ex)","2330300"
"BABYBAY","FaZe Clan","2316450"
"Will","100 Thieves (ex)","2313400"
"Derrek","100 Thieves","2304750"
"k1Ng","On Sla2ers (ex)","2268350"
"dapr","Sentinels (ex)","2248650"
"stellar","100 Thieves","2247100"
"kon4n","TBK Esports (ex)","2239950"
"s0m","NRG Esports","2233750"
"ShahZaM","Sentinels (ex)","2225750"
"TS","On Sla2ers (ex)","2206300"
"NcSlasher","Onic Esports (ex)","2191100"
"Monyet","Onic Esports (ex)","2175800"
"jawgemo","Evil Geniuses","2175500"
"poised","FaZe Clan","2167650"
"zunba","On Sla2ers (ex)","2167550"
"eeiu","NRG Esports (ex)","2165100"
"SEVERiNE","Onic Esports (ex)","2150750"
"Meteor","NORTHEPTION (ex)","2147300"
"tuyz","TBK Esports (ex)","2141550"
"ryotzz","TBK Esports","2133450"
"TenZ","Sentinels","2115450"
"flyuh","FaZe Clan (ex)","2111150"
"Lmemore","Onic Esports (ex)","2096950"
"Cloud","Natus Vincere (ex)","2088850"
"tex","NRG Esports (ex)","2088450"
"Meiy","Crazy Raccoon","2084050"
"lukzera","TBK Esports","2071250"
"dicey","FaZe Clan","2062750"
"pyth","Bleed Esports (ex)","2055550"
"matheuzin","TBK Esports","2050750"
"supamen","FaZe Clan","2046250"
"Reformed","Evil Geniuses","2042850"
"maxie","Bleed Esports (ex)","2037750"
"hazed","NRG Esports (ex)","2033850"
"BlackWiz","NORTHEPTION","2032400"
"Shyy","Leviatán","2029050"
"Boostio","Evil Geniuses","2028700"
"neth","Crazy Raccoon","2027400"
"Shiro","Onic Esports (ex)","2027000"
"Deryeon","Bleed Esports (ex)","2017650"
"popogachi","Crazy Raccoon","2017400"
"Starxo","Acend","2017200"
"lenne","Bleed Esports (ex)","2006650"
"Duno","Natus Vincere (ex)","1977000"
"cNed","Acend (ex)","1974050"
"JoXJo","NORTHEPTION (ex)","1973850"
"deigara","9z Team","1970150"
"dinkzj","Natus Vincere (ex)","1969000"
"L1NK","Team Liquid (ex)","1958900"
"ableJ","FURIA (ex)","1945300"
"mada","Luminosity Gaming (ex)","1943050"
"d3ffo","M3 Champions (ex)","1929550"
"xnfri","NORTHEPTION (ex)","1920700"
"Puleule","9z Team","1906700"
"Astell","Crazy Raccoon","1901350"
"dazzLe","Luminosity Gaming (ex)","1883750"
"TiGG","Luminosity Gaming (ex)","1882100"
"sheydos","M3 Champions (ex)","1865950"
"Moose","Luminosity Gaming (ex)","1861800"
"bdog","Luminosity Gaming (ex)","1850450"
"7ssk7","Natus Vincere (ex)","1839600"
"Mizu","9z Team","1835000"
"vaiZ","Leviatán (ex)","1829550"
"Chronicle","M3 Champions (ex)","1808200"
"Redgar","M3 Champions (ex)","1804200"
"nAts","M3 Champions (ex)","1800800"
"bnj","Ninjas in Pyjamas (ex)","1738350"
"SUTHER","9z Team (ex)","1726050"
"HANLING","9z Team (ex)","1653950"
"Kongared","Made in Thailand","1652950"
"Kadoom","Made in Thailand","1623000"
"Moves","Maru Gaming (ex)","1610100"
"RgLMeister","Keyd Stars (ex)","1608050"
"Ssun","Spear Gaming (ex)","1606650"
"AloNeFillz","Made in Thailand","1600700"
"Jeong Hi","Maru Gaming (ex)","1592550"
"Reita","REJECT (ex)","1587650"
"Medusa","REJECT (ex)","1571700"
"RHZ","Keyd Stars (ex)","1560550"
"vickt0r","Movistar Optix","1539500"
"wannafly","Made in Thailand","1534000"
"zepher","REJECT (ex)","1524200"
"pr0xy","Spear Gaming (ex)","1522900"
"takej","REJECT (ex)","1520100"
"Tuli","Movistar Optix (ex)","1514300"
"zeek","Acend (ex)","1510750"
"gio","Movistar Optix","1502450"
"Keria","Spear Gaming","1481200"
"AsLanM4shadoW","BBL Esports","1478800"
"Munchkin","Crazy Raccoon (ex)","1477500"
"dimasick","Team Liquid","1476600"
"QutionerX","BBL Esports","1467900"
"Bangnan","DAMWON Gaming (ex)","1455350"
"Ethan","NRG Esports (ex)","1421200"
"Obnoks","BIG (ex)","1419050"
"Twisten","BIG (ex)","1413250"
"Derialy","NORTHEPTION","1399100"
"chase","Gamelanders Blue (ex)","1393200"
"aimDLL","BBL Esports","1392800"
"dgzin","Gamelanders Blue (ex)","1391050"
"Hate","DAMWON Gaming (ex)","1389800"
"xeta","Cloud9 (ex)","1383850"
"Apoth","Evil Geniuses","1366850"
"Fuzari","Gamelanders Blue (ex)","1363100"
"JhoW","Keyd Stars (ex)","1360950"
"Hermes","HolyMolly (ex)","1355900"
"C0M","Evil Geniuses","1353900"
"Jeong Hi","DAMWON Gaming (ex)","1348700"
"JessieVash","Team Secret","1345050"
"DubsteP","Team Secret","1344500"
"Wavy","CNJ Esports","1344000"
"SicK","Sentinels (ex)","1323000"
"10X","HolyMolly (ex)","1318700"
"Tio","Movistar Optix","1315750"
"BORKUM","Team Secret","1311000"
"v1xen","Keyd Stars (ex)","1309200"
"JinboongE","HolyMolly (ex)","1307650"
"vakk","Acend","1303400"
"zeddy","Natus Vincere (ex)","1301250"
"AslaN","BIG (ex)","1296600"
"MAGNUM","FNATIC (ex)","1296200"
"frostmind","BOOM Esports (ex)","1295800"
"Nyang","Gamelanders Blue","1293250"
"GwangUh","Maru Gaming (ex)","1290000"
"deLb","Alter Ego","1287200"
"Felix","HolyMolly (ex)","1260500"
"Harry","HolyMolly","1260050"
"Benecia","CNJ Esports","1253000"
"Kush","Alter Ego","1248000"
"Fisker","FAV gaming (ex)","1245800"
"hype","OG LDN UTD (ex)","1245100"
"Turko","BBL Esports","1242550"
"noxxy","Alter Ego (si)","1235950"
"MONSTEERR","Acend (ex)","1233300"
"pAura","BBL Esports (ex)","1228900"
"MOLSI","OG LDN UTD (ex)","1224550"
"Witz","Team Secret (ex)","1215950"
"ExiA","Spear Gaming","1211350"
"adrnking","Alter Ego","1208350"
"v1xen","Ninjas in Pyjamas (ex)","1189900"
"Boo","OG LDN UTD (ex)","1178400"
"Destrian","OG LDN UTD (ex)","1177900"
"redwater877","Team T5","1175650"
"axeLuvY","Alter Ego (ex)","1159500"
"liazzi","Liberty","1155100"
"SungJin","Spear Gaming (ex)","1153350"
"Minty","FAV gaming","1152500"
"feqew","OG LDN UTD (ex)","1142100"
"bazz","FAV gaming","1141750"
"LOB","FAV gaming","1131700"
"Moves","Team T5 (ex)","1131400"
"Secret","Desperado (ex)","1127650"
"Zellsis","Version1 (Inactive) (ex)","1120200"
"braveaf","FNATIC (ex)","1099700"
"penny","Version1 (Inactive) (ex)","1095750"
"Famouz","BOOM Esports (ex)","1094100"
"Delta","Maru Gaming (ex)","1089100"
"wippie","Version1 (Inactive) (ex)","1084450"
"vow","Team T5 (ex)","1083100"
"shion","Liberty (ex)","1080250"
"RyZzi","Desperado (ex)","1079400"
"effys","Version1 (Inactive) (ex)","1079300"
"myssen","Liberty","1078550"
"Phantom","FAV gaming","1078500"
"iNTRO","DAMWON Gaming (si)","1076750"
"godko","Desperado (ex)","1069250"
"Bangnan","Team T5 (ex)","1063250"
"NoriseN","REJECT (ex)","1061150"
"Zander","Version1 (Inactive) (ex)","1048850"
"CTC","Los Grandes (ex)","1040350"
"Rain","CNJ Esports","1040350"
"krain","Liberty","1036350"
"zombs","Sentinels (ex)","1025150"
"jzz","MIBR","1012550"
"prince","Los Grandes (ex)","996400"
"gtnziN","MIBR (ex)","993900"
"RND","Los Grandes (ex)","987800"
"mNdS","MIBR (ex)","980000"
"Has1ra14","CNJ Esports","974400"
"gustt1nha","Los Grandes (ex)","969200"
"Hyzee","Fancy United Esports (ex)","966750"
"pleets","Los Grandes","959550"
"Dispenser","Team Secret","944500"
"DeNaro","MIBR (ex)","941550"
"YESicaN","Fancy United Esports","939500"
"Lakia","IGZIST (ex)","925900"
"Eeyore","Persija Esports","925800"
"Famouz","Persija Esports (ex)","925750"
"Moothie","CNJ Esports (ex)","914800"
"ban","Knights (ex)","911450"
"jfoen","E-Xolos LAZER","909350"
"Delend","Made in Thailand (ex)","906700"
"frz","MIBR","895400"
"poem","IGZIST","895000"
"BandiCoot","E-Xolos LAZER","891300"
"Pepper","IGZIST (ex)","886350"
"XXiF","Knights (ex)","884800"
"Frosty","Knights (ex)","883400"
"Flynch","Persija Esports (ex)","871650"
"Genghsta","Knights (ex)","867350"
"Feniz","E-Xolos LAZER","865950"
"skuba","Knights (ex)","860500"
"dgzin","FURIA","858950"
"roseaufy","Persija Esports","858100"
"NiSMO","Ghost Gaming (ex)","857850"
"asteriskk","Persija Esports","857200"
"Fantasy","Team T5","853600"
"oitaN","IGZIST","848000"
"curry","Cloud9 (ex)","846650"
"Daveeys","E-Xolos LAZER (ex)","841100"
"SiuFatBB","Griffin E-Sports","822950"
"koalanoob","Ghost Gaming (ex)","822550"
"baddyG","FunPlus Phoenix (ex)","816850"
"brawk","Ghost Gaming (ex)","812200"
"RIPablo","IGZIST","806900"
"W1nner","Griffin E-Sports","801350"
"Rainy","Griffin E-Sports","796100"
"GOLD","Desperado (ex)","793950"
"aproto","Ghost Gaming (ex)","792950"
"v1nNy","Gamelanders Blue (ex)","783450"
"D1E","Movistar Optix","781750"
"YRSelect","Griffin E-Sports (si)","780600"
"Johnqt","Ghost Gaming (ex)","774600"
"Maple","ORDER (ex)","771850"
"KimGyuTae","Desperado","764300"
"Fung3","Griffin E-Sports","760750"
"Dcop","FUSION","757400"
"akashi","CERBERUS Esports (ex)","751450"
"Jady","Natus Vincere (ex)","748600"
"Texta","ORDER (ex)","748200"
"WRONSKI","ORDER (ex)","747050"
"wyz","FUSION","745100"
"Mited","FUSION","744750"
"rion","Crazy Raccoon","744650"
"Xander","FUSION","743500"
"zennakukinn","BLUE BEES.ESP (ex)","737750"
"Lok1","CERBERUS Esports (ex)","731350"
"Xandrite","NORTHEPTION (ex)","729400"
"f1cio","Fancy United Esports","727200"
"disk0","ORDER (ex)","719250"
"Xdll","BLUE BEES.ESP (ex)","712250"
"YaBoiLewis","FOKUS","711700"
"rDeeW","ORDER (ex)","709800"
"LEXY","Bleed Esports (ex)","708650"
"Jady","M3 Champions","707450"
"Kishi","CERBERUS Esports (ex)","702600"
"Kr1stal","BLUE BEES.ESP (ex)","698700"
"Kaspe","BIG (ex)","695400"
"JUGi","FOKUS","688700"
"vong","FOKUS (ex)","688300"
"gob b","BIG (ex)","687550"
"DOGAO","Movistar Optix","687350"
"ANDROID","NRG Esports (ex)","686350"
"b3ta","Made in Thailand","676400"
"Hiko","100 Thieves (ex)","670700"
"neptune","Rise (ex)","668600"
"bucher","FOKUS (ex)","665000"
"Brave","SuperMassive (ex)","664100"
"iluri","FOKUS (ex)","660450"
"DaeGi","Tartarus (ex)","660200"
"rochet","SunXet Club (ex)","652400"
"kiles","Acend (ex)","651650"
"YaBoiDre","Evil Geniuses (ex)","645650"
"Ethan","100 Thieves (ex)","643400"
"JohnOlsen","FULL SENSE","641700"
"poised","Rise (ex)","640900"
"ParkJJong","Tartarus (ex)","640250"
"supamen","Rise (ex)","638000"
"Bonecold","Acend (ex)","637700"
"PTC","FULL SENSE (ex)","636350"
"GwangUh","Tartarus (ex)","635100"
"Kanpeki","Sentinels (ex)","633550"
"pho","Evil Geniuses (ex)","629050"
"Dreamas","Team Liquid (ex)","628900"
"Shanks","Rise (ex)","627700"
"Glovee","SuperMassive (ex)","626700"
"Torrify","FUSION (ex)","625750"
"SoGaTe","Tartarus (ex)","624600"
"LEXY","Bleed Esports (ex)","623650"
"musashi","BIG (ex)","621400"
"XiSTOU","SuperMassive (ex)","619200"
"Izzy","SuperMassive","618450"
"Subroza","TSM (ex)","617050"
"allow","Jadeite (ex)","616400"
"Derrek","Rise (ex)","614700"
"luckeRRR","BIG (ex)","613950"
"luckeRRR","BIG (ex)","613950"
"CyderX","SuperMassive (ex)","610350"
"Anker","Jadeite (ex)","608250"
"SylFy","Jadeite (ex)","604750"
"RoaN","SunXet Club (ex)","604000"
"Dreamas","LDN UTD (ex)","603750"
"Sơn KeKe","Fancy United Esports (ex)","602000"
"gMd","TSM (ex)","602000"
"Fross","SunXet Club","600600"
"fenNy","SunXet Club","596750"
"Wenty","Tartarus (ex)","596200"
"THEE","FULL SENSE","592300"
"Zellsis","Sentinels (ex)","591150"
"feqew","LDN UTD (ex)","590200"
"Destrian","LDN UTD (ex)","588350"
"jotinha","SunXet Club (ex)","588200"
"Boo","LDN UTD (ex)","583050"
"azys","South Built Esports (ex)","582600"
"LAMMYSNAX","FULL SENSE (ex)","581950"
"MOLSI","LDN UTD (ex)","580900"
"diewijAs","PAMPAS (ex)","580800"
"raafa","Liberty (ex)","578750"
"seven","TSM (ex)","577550"
"Holbreak","EBRO Gaming (ex)","573950"
"bmVz","Fancy United Esports (ex)","572700"
"Brinks","Gamelanders Blue (si)","568450"
"david","PAMPAS (ex)","568100"
"NAOS JA","South Built Esports (ex)","567600"
"Unnsto","EBRO Gaming (ex)","560350"
"ChAlalala","FULL SENSE (ex)","559800"
"Rossy","TSM (ex)","556450"
"pdr","INGAMING Esports (ex)","553300"
"corey","TSM (ex)","553250"
"Retla","Bleed Esports (ex)","552900"
"rubkkoide","PAMPAS (ex)","549550"
"shelbyN","EBRO Gaming (ex)","547050"
"MatiS","EBRO Gaming (ex)","544100"
"Sushi","EBRO Gaming (ex)","542550"
"shroud","Sentinels","541600"
"WKN","Meta Gaming (ex)","540050"
"NicoMachine","Meta Gaming (ex)","538500"
"BRNWOWZK1","INGAMING Esports (ex)","538450"
"Peloncito","E-Xolos LAZER","538350"
"D1E","Meta Gaming (ex)","538250"
"leonzhett","PAMPAS (ex)","536700"
"olzerr","PAMPAS (ex)","535950"
"SyouTa","Crest Gaming ZST (ex)","528500"
"Foxy9","Reignite (ex)","526300"
"badsitoww","Meta Gaming (ex)","526300"
"flippy","South Built Esports (ex)","521050"
"NANZIN","INGAMING Esports (ex)","514950"
"Misaya","Sengoku Gaming","512050"
"tixx","Bonkers(OCE) (ex)","509000"
"LucasVade","Meta Gaming (ex)","508550"
"SamuraiDeeper","Crest Gaming ZST (ex)","506600"
"PapiChulo","South Built Esports (ex)","506350"
"kurozooted","Reignite","505700"
"flainzz","INGAMING Esports (ex)","497900"
"NeruFi","Crest Gaming ZST","496900"
"Minimise","Bonkers(OCE) (ex)","495000"
"Jremy","Team Secret","494950"
"prozin","Sharks Esports","494800"
"SEIDER","FunPlus Phoenix (si)","484550"
"Nozz","Bonkers(OCE) (ex)","484250"
"KILLDREAMST","Sharks Esports (ex)","484000"
"RgLMeister","INGAMING Esports (ex)","481200"
"Pro","South Built Esports (ex)","480350"
"hyouka","Reignite","472350"
"kellyS","Rex Regum Qeon (ex)","469900"
"Art","Sengoku Gaming (ex)","468300"
"frz","Sharks Esports (ex)","464250"
"glym","Liberty (ex)","463750"
"jcStani","100 Thieves (ex)","463350"
"v1xen","Ninjas in Pyjamas (si)","462000"
"Yacine","Guild Esports","458400"
"eKo","Reignite (ex)","457000"
"rDeeW","Bonkers(OCE) (ex)","455500"
"Lawrence","GoNGo Prince","448950"
"HaReeee","REJECT (ex)","443500"
"Addicted","Sharks Esports (ex)","442500"
"Brofeld","Jadeite","438550"
"artzin","Stars Horizon (ex)","437850"
"skrawl","Bonkers(OCE) (ex)","435050"
"KuuKai","Crest Gaming ZST (ex)","433750"
"Akame","Jadeite","430300"
"gaabxx","Sharks Esports (ex)","428800"
"swag","Team Vikings (ex)","426650"
"Redneval","CERBERUS Esports (ex)","423050"
"Maverick","Stars Horizon (ex)","416300"
"2GE","Rex Regum Qeon","415500"
"pdr","Stars Horizon (ex)","415300"
"Dszera","Team Vikings (ex)","415250"
"Draxii","Rex Regum Qeon (ex)","414600"
"Jemkin","Crest Gaming ZST (ex)","413900"
"UdoTan","GoNGo Prince (ex)","409650"
"PEPA","Team Vikings (ex)","407800"
"Tuli","9z Team (si)","403450"
"Eliza","GoNGo Prince (ex)","401800"
"Nexi","Rex Regum Qeon (ex)","400950"
"Veroneze","Team Vikings (ex)","400300"
"Wenty","GoNGo Prince (ex)","400200"
"pollo","Team Vikings (ex)","396100"
"NANZIN","Stars Horizon","393150"
"iNTRO","DAMWON Gaming (ex)","390650"
"Dobsha","E-Xolos LAZER (ex)","388050"
"bnj","9z Team (si)","386550"
"flainzz","Stars Horizon","383400"
"Dhimorutoo","Reignite (ex)","378100"
"Jemkin","BLUE BEES.ESP (ex)","375900"
"Daicute","CERBERUS Esports (ex)","374950"
"TENSAI","FENNEL (ex)","373950"
"mittiii","FENNEL (ex)","373550"
"Felix","Brimstone (si)","372850"
"CLZ","FENNEL","367200"
"something","BLUE BEES.ESP (ex)","366350"
"10X","Brimstone (si)","366200"
"Rabbet","Rex Regum Qeon","363000"
"Harry","Brimstone (si)","353000"
"tinggg2k5","CERBERUS Esports","352750"
"Envy","FENNEL (ex)","351100"
"TORANECO","BLUE BEES.ESP (ex)","349350"
"Hermes","Brimstone (ex)","349050"
"Derialy","FENNEL (ex)","347650"
"JinboongE","Brimstone (ex)","346900"
"hellff","Velocity Gaming","345900"
"Zerost","BLUE BEES.ESP (ex)","342750"
"alyaL","CERBERUS Esports (ex)","341950"
"Amaterasu","Velocity Gaming","338550"
"Kaminari","Hexad (ex)","336200"
"SeolHo","Spear Gaming (ex)","335550"
"d3ffo","Gambit Esports (ex)","335150"
"Rawkus","Sentinels (ex)","334300"
"ringring","CNJ Esports","331500"
"sheydos","Gambit Esports (ex)","329500"
"Nizzy","Fancy United Esports","326000"
"Suka","Fancy United Esports (ex)","325800"
"DEATHMAKER","Velocity Gaming","322700"
"rite2ace","Velocity Gaming (ex)","321800"
"blurred","NAOS Esports","320700"
"Den2","Spear Gaming (ex)","318100"
"bdog","Shopify Rebellion","316700"
"mada","Shopify Rebellion","316200"
"Vibhor","Velocity Gaming (ex)","315500"
"nAts","Gambit Esports (ex)","315200"
"이토히로부비부빗","Team T5 (ex)","311700"
"DaeGi","Team GP (ex)","309050"
"L1NK","Acend (ex)","307550"
"GangPin","Sengoku Gaming (ex)","306900"
"Redgar","Gambit Esports (ex)","306900"
"dazzLe","Shopify Rebellion","305500"
"GOLD","Desperado (si)","303900"
"Pooky","CNJ Esports (ex)","303550"
"Flax","Hexad (ex)","303250"
"nephh","Gaimin Gladiators (ex)","300650"
"dzii","Gaimin Gladiators (ex)","299600"
"TiGG","Shopify Rebellion (ex)","298650"
"TORANECO","Hexad (ex)","298650"
"REV1","Pentagon","296950"
"EndU","Team GP","296900"
"Sk9Na","Team GP (ex)","296000"
"Brofeld","Hexad (ex)","295150"
"Chronicle","Gambit Esports (ex)","293850"
"Gunny","GoNGo Prince","293650"
"kobra","Sengoku Gaming (ex)","293150"
"sakurai","Hexad (ex)","292400"
"Lightningfast","Global Esports","290950"
"jEEE","NAOS Esports","290900"
"Shuzz","SCARZ (ex)","288400"
"kvzx","NAOS Esports","288100"
"Moose","Shopify Rebellion","286600"
"C1nder","SCARZ (ex)","285300"
"nobody","EDward Gaming","285200"
"GodDead","On Sla2ers (si)","284450"
"FREY","Gaimin Gladiators (ex)","283850"
"Kakarot","NAOS Esports","281700"
"DDcream","Pentagon","281300"
"SoGaTe","Team GP (ex)","280350"
"artn","Gaimin Gladiators (ex)","280350"
"thiefy","Sengoku Gaming (ex)","279950"
"Eugene","DAMWON Gaming","278850"
"KappA","Global Esports","278800"
"STYRON","Gaimin Gladiators (ex)","277900"
"Anthem","SCARZ (ex)","276450"
"marin","SCARZ (ex)","276100"
"柳ヶ瀬鈴乃","IXA (ex)","275600"
"Knight","Pentagon","275100"
"killua","FW Esports","275050"
"Teerapong","FW Esports","274600"
"Yun","Pentagon","274450"
"skillZ","Global Esports","273450"
"Majestyy","FW Esports","273300"
"RgLMeister","Keyd Stars (si)","272800"
"k1Ng","On Sla2ers (si)","272600"
"TS","On Sla2ers (si)","271850"
"ryota-","SCARZ (ex)","271300"
"ParkJJong","Team GP (ex)","270400"
"Apinya","FW Esports (ex)","269950"
"RHZ","Keyd Stars (si)","268500"
"SkRossi","Global Esports","267650"
"keloqz","G2 Esports (Inactive) (ex)","264850"
"Haodong","EDward Gaming","264400"
"ZmjjKK","EDward Gaming","262550"
"zunba","On Sla2ers (si)","262350"
"Estrella","Desperado (ex)","261900"
"Swee","IXA","260250"
"Biju","IXA (ex)","258600"
"B4nnba","Pentagon","257050"
"HellrangeR","Global Esports","256500"
"Ijin","Storks Phalanx (ex)","255700"
"Luna","IXA","254050"
"Dualing","Storks Phalanx (ex)","253600"
"Tempz","No Namers (ex)","253000"
"ec1s","100 Thieves (ex)","252950"
"Pay","Veronica7 (ex)","252900"
"DxN","No Namers (ex)","249850"
"Vera","No Namers (ex)","249750"
"Bazzi","On Sla2ers (si)","248100"
"NoMan","Oblivion Force (ex)","248050"
"BabyJ","100 Thieves (ex)","248050"
"CHICHOO","EDward Gaming","247400"
"FuriousMeow","Oblivion Force","245700"
"AcMe","Veronica7","245250"
"rez1v","Storks Phalanx","245100"
"BP","Veronica7","244550"
"mnz","IXA","243950"
"JitboyS","FW Esports (ex)","242200"
"SungJin","CNJ Esports (ex)","241050"
"PADO","Veronica7 (ex)","239100"
"Anguuuuu","Storks Phalanx (ex)","236400"
"ClarK","World Game Star (ex)","232900"
"B1ngSu","Veronica7","230500"
"Kiuuuu","Oblivion Force","230400"
"skyeSG","No Namers (ex)","228950"
"Shun","No Namers (ex)","228100"
"Halbae","World Game Star (ex)","223500"
"H1BER","FNATIC (si)","222300"
"MerRy","Storks Phalanx (ex)","220550"
"CHIMEI","Oblivion Force","218050"
"hypathor","Oblivion Force","216400"
"something","Sengoku Gaming","214600"
"Alex","Next eSports (ex)","212700"
"micr0","South Built Esports (ex)","211300"
"hsk","DetonatioN Gaming White","209250"
"Zerost","Sengoku Gaming","207050"
"Wonjina","Next eSports","204250"
"K1LLERS","Fancy United Esports (ex)","200700"
"Darker","FUSION","199900"
"Marky","Oasis Gaming","197750"
"Blas","NAOS Esports","196700"
"Skyfull","DeToNator (ex)","196650"
"invy","Oasis Gaming (ex)","194150"
"yoman","Next eSports (ex)","193500"
"Xiaonuo","DeToNator","190450"
"coco","Oasis Gaming","188350"
"arm1e","EVA:e (ex)","187550"
"Killer0714","DetonatioN Gaming White","186000"
"AztKk","FUSION (ex)","185150"
"munghoon","VPZ","184500"
"Vici","Sengoku Gaming","184150"
"K1llgrave","DeToNator (ex)","183050"
"Suggest","DetonatioN Gaming White (ex)","183000"
"Wild0reoo","Oasis Gaming","182350"
"Kant","VPZ (ex)","182100"
"TenzouEz","DeToNator (ex)","182000"
"Marmelo","Jadeite","181800"
"Hate","Jadeite (ex)","181600"
"CyderX","BBL Esports (si)","181450"
"Solution","FUSION (ex)","180150"
"Haxball","VPZ","179850"
"Lily","EVA:e","179500"
"DippER","VPZ (ex)","178500"
"Has1ra14","Maru Gaming (ex)","177050"
"HellFull","FUSION (ex)","176000"
"SID","VPZ","174200"
"FifTy","DeToNator","173750"
"EROC","EVA:e (ex)","173500"
"Jan","Next eSports","173050"
"Junseo","Next eSports","169150"
"M4sh","EVA:e (ex)","168750"
"Danielesflo","FUSION (ex)","168500"
"LEXY","Bleed Esports (si)","158950"
"Smoggy","EDward Gaming","154000"
"Purp0","Acend (si)","152150"
"JREXXX","Insomnia (ex)","149400"
"Melofovia","DetonatioN Gaming White (ex)","147800"
"Rico","EVA:e (ex)","146600"
"Neal X","Insomnia (ex)","146000"
"Lumo","Insomnia (ex)","140300"
"Leazo","9z Team","136050"
"Paint","Insomnia (ex)","135750"
"SSeeS","DetonatioN Gaming White (ex)","133600"
"AlKawai","Insomnia (ex)","132350"
"hatty","ややーず (ex)","130850"
"xeta","Cloud9 (si)","124750"
"RIA","ややーず (ex)","123650"
"Creative","GoNGo Prince","120500"
"Life","EDward Gaming (ex)","116100"
"侵略者","ややーず","114850"
"GwangUh","Tartarus (si)","113250"
"Defectio","ややーず (ex)","112150"
"Machao","DetonatioN Gaming White (ex)","112050"
"YAYA","ややーず","109750"
"Ask","Reignite","108800"
"Kei","looking for a name","106400"
"azuma","K2 eSports (ex)","105500"
"Meimoo","Rebellion Arts","103350"
"pippi","Rebellion Arts","103250"
"Akame","K2 eSports (ex)","103200"
"reooooo","Rebellion Arts","102950"
"DaeGi","Tartarus (si)","102500"
"Muj","BBL Esports (ex)","101500"
"kurtesy","Oasis Gaming","100800"
"Wenty","Tartarus (si)","100700"
"ParkJJong","Tartarus (si)","98800"
"Ludens","K2 eSports (ex)","98650"
"SoGaTe","Tartarus (si)","98150"
"Dani","Sentinels (si)","97500"
"GLAB zey","NAOS Esports (ex)","97100"
"Siro","looking for a name (ex)","96850"
"Valll","Focus e-Sports (ex)","96800"
"こころん","looking for a name","95650"
"pouoxo","TRIDENT (ex)","94750"
"silver","K2 eSports (ex)","94600"
"Poach","FaZe Clan (ex)","94550"
"RELAXING","TRIDENT (ex)","93900"
"MuuShock","Rebellion Arts","93500"
"Learica","TRIDENT (ex)","93450"
"Twinte","looking for a name (ex)","93200"
"moco","TRIDENT (ex)","92900"
"AzeL","looking for a name (ex)","92900"
"wait","KRÜ Esports (ex)","92450"
"Haner","K2 eSports (ex)","92400"
"oikou","GyoGun (ex)","91350"
"MqsaaV","Mariner","90750"
"Shiroe","Mariner","90100"
"Pa1n","Focus e-Sports","90050"
"Lore","Focus e-Sports (ex)","89900"
"sachi","Rebellion Arts (ex)","89450"
"Anna","Next eSports (ex)","89150"
"P4F","SchwarzerLand","88700"
"UmiNtyU","Mariner","88500"
"大西大和","SETOUCHI ENLIFE (ex)","88400"
"sakurai","Crest Gaming ZST (ex)","87300"
"cuda","GyoGun (ex)","87200"
"shura","Focus e-Sports","86700"
"40pingSterry","SETOUCHI ENLIFE","86500"
"TAMAGO","AWS (ex)","86450"
"Maru","Mariner","85500"
"Flash","Rex Regum Qeon","85450"
"Suda","SETOUCHI ENLIFE (ex)","85150"
"Yso","TRIDENT (ex)","84900"
"Num","AWS (ex)","84050"
"KadosuK","GyoGun (ex)","84000"
"sickLy","FUSION","83750"
"Namikaze","SETOUCHI ENLIFE (ex)","83200"
"Zan","Focus e-Sports","83150"
"2KY","SchwarzerLand","82950"
"Puupop","Mariner","82400"
"Sacchi","SchwarzerLand","82100"
"KAMEReon","AWS (ex)","82050"
"Ripper","Oasis Gaming","81800"
"Toto","GyoGun","81700"
"ZONBee","GyoGun","81700"
"kobra","Crest Gaming ZST","80550"
"Gabriel","AWS","80450"
"Ran","SETOUCHI ENLIFE (ex)","77700"
"Citrus7","SchwarzerLand","76700"
"H1K","SchwarzerLand","76200"
"hiyokomaru","SYSTEM e-Sports","74050"
"Nikumanyaro","SYSTEM e-Sports (ex)","73150"
"Suke","SYSTEM e-Sports","71100"
"fiN","SYSTEM e-Sports","70350"
"Leo","SYSTEM e-Sports","66700"
"Myself","AWS","65050"
"KimGyuTae","Desperado (si)","63100"
"wait","KRÜ Esports (si)","60950"
"sakurai","REJECT (si)","59850"
"SyouTa","REJECT (si)","58400"
"takej","Crest Gaming ZST (si)","57850"
"kobra","REJECT (si)","56950"
"Reita","Crest Gaming ZST (si)","56900"
"Medusa","Crest Gaming ZST (si)","56000"
"zepher","Crest Gaming ZST (si)","53000"
"Purp0","M3 Champions (ex)","48950"
"NeruFi","REJECT (si)","46900"
"NoriseN","Crest Gaming ZST (si)","46600"
"SamuraiDeeper","REJECT (si)","44800"